$  1   ||  2   ||  3   ||  4   ||  5   ||  6   ||  7   ||  8   ||  9   ||  10  |
MPC     9000000050000001       1     -1.  600620       1      1.
MPC     9000000050000001       2     -1.  600620       2      1.
MPC     9000000050000001       3     -1.  600620       3      1.
MPC     9000000050000001       4     -1.  600620       4      1.
MPC     9000000050000001       5     -1.  600620       5      1.
MPC     9000000050000001       6     -1.  600620       6      1.
MPC     9000000050000002       1     -1.  610620       1      1.
MPC     9000000050000002       2     -1.  610620       2      1.
MPC     9000000050000002       3     -1.  610620       3      1.
MPC     9000000050000002       4     -1.  610620       4      1.
MPC     9000000050000002       5     -1.  610620       5      1.
MPC     9000000050000002       6     -1.  610620       6      1.
MPC     9000000050000003       1     -1.  620620       1      1.
MPC     9000000050000003       2     -1.  620620       2      1.
MPC     9000000050000003       3     -1.  620620       3      1.
MPC     9000000050000003       4     -1.  620620       4      1.
MPC     9000000050000003       5     -1.  620620       5      1.
MPC     9000000050000003       6     -1.  620620       6      1.
MPC     9000000050000004       1     -1.  630620       1      1.
MPC     9000000050000004       2     -1.  630620       2      1.
MPC     9000000050000004       3     -1.  630620       3      1.
MPC     9000000050000004       4     -1.  630620       4      1.
MPC     9000000050000004       5     -1.  630620       5      1.
MPC     9000000050000004       6     -1.  630620       6      1.
MPC     9000000050000005       1     -1.  640620       1      1.
MPC     9000000050000005       2     -1.  640620       2      1.
MPC     9000000050000005       3     -1.  640620       3      1.
MPC     9000000050000005       4     -1.  640620       4      1.
MPC     9000000050000005       5     -1.  640620       5      1.
MPC     9000000050000005       6     -1.  640620       6      1.
MPC     9000000050000006       1     -1.  780620       1      1.
MPC     9000000050000006       2     -1.  780620       2      1.
MPC     9000000050000006       3     -1.  780620       3      1.
MPC     9000000050000006       4     -1.  780620       4      1.
MPC     9000000050000006       5     -1.  780620       5      1.
MPC     9000000050000006       6     -1.  780620       6      1.
MPC     9000000050000007       1     -1.  790620       1      1.
MPC     9000000050000007       2     -1.  790620       2      1.
MPC     9000000050000007       3     -1.  790620       3      1.
MPC     9000000050000007       4     -1.  790620       4      1.
MPC     9000000050000007       5     -1.  790620       5      1.
MPC     9000000050000007       6     -1.  790620       6      1.
MPC     9000000050000008       1     -1.  800620       1      1.
MPC     9000000050000008       2     -1.  800620       2      1.
MPC     9000000050000008       3     -1.  800620       3      1.
MPC     9000000050000008       4     -1.  800620       4      1.
MPC     9000000050000008       5     -1.  800620       5      1.
MPC     9000000050000008       6     -1.  800620       6      1.
MPC     9000000050000009       1     -1.  810620       1      1.
MPC     9000000050000009       2     -1.  810620       2      1.
MPC     9000000050000009       3     -1.  810620       3      1.
MPC     9000000050000009       4     -1.  810620       4      1.
MPC     9000000050000009       5     -1.  810620       5      1.
MPC     9000000050000009       6     -1.  810620       6      1.
MPC     9000000050000010       1     -1.  820620       1      1.
MPC     9000000050000010       2     -1.  820620       2      1.
MPC     9000000050000010       3     -1.  820620       3      1.
MPC     9000000050000010       4     -1.  820620       4      1.
MPC     9000000050000010       5     -1.  820620       5      1.
MPC     9000000050000010       6     -1.  820620       6      1.
MPC     9000000050000011       1     -1.  830620       1      1.
MPC     9000000050000011       2     -1.  830620       2      1.
MPC     9000000050000011       3     -1.  830620       3      1.
MPC     9000000050000011       4     -1.  830620       4      1.
MPC     9000000050000011       5     -1.  830620       5      1.
MPC     9000000050000011       6     -1.  830620       6      1.
MPC     9000000050000012       1     -1.  850620       1      1.
MPC     9000000050000012       2     -1.  850620       2      1.
MPC     9000000050000012       3     -1.  850620       3      1.
MPC     9000000050000012       4     -1.  850620       4      1.
MPC     9000000050000012       5     -1.  850620       5      1.
MPC     9000000050000012       6     -1.  850620       6      1.
MPC     9000000050000013       1     -1.  870620       1      1.
MPC     9000000050000013       2     -1.  870620       2      1.
MPC     9000000050000013       3     -1.  870620       3      1.
MPC     9000000050000013       4     -1.  870620       4      1.
MPC     9000000050000013       5     -1.  870620       5      1.
MPC     9000000050000013       6     -1.  870620       6      1.
MPC     9000000050000014       1     -1. 2715090       1      1.
MPC     9000000050000014       2     -1. 2715090       2      1.
MPC     9000000050000014       3     -1. 2715090       3      1.
MPC     9000000050000014       4     -1. 2715090       4      1.
MPC     9000000050000014       5     -1. 2715090       5      1.
MPC     9000000050000014       6     -1. 2715090       6      1.
MPC     9000000050000015       1     -1.  600380       1      1.
MPC     9000000050000015       2     -1.  600380       2      1.
MPC     9000000050000015       3     -1.  600380       3      1.
MPC     9000000050000015       4     -1.  600380       4      1.
MPC     9000000050000015       5     -1.  600380       5      1.
MPC     9000000050000015       6     -1.  600380       6      1.
MPC     9000000050000016       1     -1.  610380       1      1.
MPC     9000000050000016       2     -1.  610380       2      1.
MPC     9000000050000016       3     -1.  610380       3      1.
MPC     9000000050000016       4     -1.  610380       4      1.
MPC     9000000050000016       5     -1.  610380       5      1.
MPC     9000000050000016       6     -1.  610380       6      1.
MPC     9000000050000017       1     -1.  620380       1      1.
MPC     9000000050000017       2     -1.  620380       2      1.
MPC     9000000050000017       3     -1.  620380       3      1.
MPC     9000000050000017       4     -1.  620380       4      1.
MPC     9000000050000017       5     -1.  620380       5      1.
MPC     9000000050000017       6     -1.  620380       6      1.
MPC     9000000050000018       1     -1.  630380       1      1.
MPC     9000000050000018       2     -1.  630380       2      1.
MPC     9000000050000018       3     -1.  630380       3      1.
MPC     9000000050000018       4     -1.  630380       4      1.
MPC     9000000050000018       5     -1.  630380       5      1.
MPC     9000000050000018       6     -1.  630380       6      1.
MPC     9000000050000019       1     -1.  640380       1      1.
MPC     9000000050000019       2     -1.  640380       2      1.
MPC     9000000050000019       3     -1.  640380       3      1.
MPC     9000000050000019       4     -1.  640380       4      1.
MPC     9000000050000019       5     -1.  640380       5      1.
MPC     9000000050000019       6     -1.  640380       6      1.
MPC     9000000050000020       1     -1.  780380       1      1.
MPC     9000000050000020       2     -1.  780380       2      1.
MPC     9000000050000020       3     -1.  780380       3      1.
MPC     9000000050000020       4     -1.  780380       4      1.
MPC     9000000050000020       5     -1.  780380       5      1.
MPC     9000000050000020       6     -1.  780380       6      1.
MPC     9000000050000021       1     -1.  790380       1      1.
MPC     9000000050000021       2     -1.  790380       2      1.
MPC     9000000050000021       3     -1.  790380       3      1.
MPC     9000000050000021       4     -1.  790380       4      1.
MPC     9000000050000021       5     -1.  790380       5      1.
MPC     9000000050000021       6     -1.  790380       6      1.
MPC     9000000050000022       1     -1.  810380       1      1.
MPC     9000000050000022       2     -1.  810380       2      1.
MPC     9000000050000022       3     -1.  810380       3      1.
MPC     9000000050000022       4     -1.  810380       4      1.
MPC     9000000050000022       5     -1.  810380       5      1.
MPC     9000000050000022       6     -1.  810380       6      1.
MPC     9000000050000023       1     -1.  820380       1      1.
MPC     9000000050000023       2     -1.  820380       2      1.
MPC     9000000050000023       3     -1.  820380       3      1.
MPC     9000000050000023       4     -1.  820380       4      1.
MPC     9000000050000023       5     -1.  820380       5      1.
MPC     9000000050000023       6     -1.  820380       6      1.
MPC     9000000050000024       1     -1.  830380       1      1.
MPC     9000000050000024       2     -1.  830380       2      1.
MPC     9000000050000024       3     -1.  830380       3      1.
MPC     9000000050000024       4     -1.  830380       4      1.
MPC     9000000050000024       5     -1.  830380       5      1.
MPC     9000000050000024       6     -1.  830380       6      1.
MPC     9000000050000025       1     -1.  850380       1      1.
MPC     9000000050000025       2     -1.  850380       2      1.
MPC     9000000050000025       3     -1.  850380       3      1.
MPC     9000000050000025       4     -1.  850380       4      1.
MPC     9000000050000025       5     -1.  850380       5      1.
MPC     9000000050000025       6     -1.  850380       6      1.
MPC     9000000050000026       1     -1.  870380       1      1.
MPC     9000000050000026       2     -1.  870380       2      1.
MPC     9000000050000026       3     -1.  870380       3      1.
MPC     9000000050000026       4     -1.  870380       4      1.
MPC     9000000050000026       5     -1.  870380       5      1.
MPC     9000000050000026       6     -1.  870380       6      1.
MPC     9000000050000027       1     -1. 2710360       1      1.
MPC     9000000050000027       2     -1. 2710360       2      1.
MPC     9000000050000027       3     -1. 2710360       3      1.
MPC     9000000050000027       4     -1. 2710360       4      1.
MPC     9000000050000027       5     -1. 2710360       5      1.
MPC     9000000050000027       6     -1. 2710360       6      1.
MPC     9000000050000028       1     -1. 2710360       1      1.
MPC     9000000050000028       2     -1. 2710360       2      1.
MPC     9000000050000028       3     -1. 2710360       3      1.
MPC     9000000050000028       4     -1. 2710360       4      1.
MPC     9000000050000028       5     -1. 2710360       5      1.
MPC     9000000050000028       6     -1. 2710360       6      1.
MPC     9000000050000029       1     -1. 2715090       1      1.
MPC     9000000050000029       2     -1. 2715090       2      1.
MPC     9000000050000029       3     -1. 2715090       3      1.
MPC     9000000050000029       4     -1. 2715090       4      1.
MPC     9000000050000029       5     -1. 2715090       5      1.
MPC     9000000050000029       6     -1. 2715090       6      1.
MPC     9000000050000030       1     -1.10670010       1      1.
MPC     9000000050000030       2     -1.10670010       2      1.
MPC     9000000050000030       3     -1.10670010       3      1.
MPC     9000000050000030       4     -1.10670010       4      1.
MPC     9000000050000030       5     -1.10670010       5      1.
MPC     9000000050000030       6     -1.10670010       6      1.
MPC     9000000050000031       1     -1.10670020       1      1.
MPC     9000000050000031       2     -1.10670020       2      1.
MPC     9000000050000031       3     -1.10670020       3      1.
MPC     9000000050000031       4     -1.10670020       4      1.
MPC     9000000050000031       5     -1.10670020       5      1.
MPC     9000000050000031       6     -1.10670020       6      1.
MPC     9000000050000032       1     -1.10670030       1      1.
MPC     9000000050000032       2     -1.10670030       2      1.
MPC     9000000050000032       3     -1.10670030       3      1.
MPC     9000000050000032       4     -1.10670030       4      1.
MPC     9000000050000032       5     -1.10670030       5      1.
MPC     9000000050000032       6     -1.10670030       6      1.
MPC     9000000050000033       1     -1.10670040       1      1.
MPC     9000000050000033       2     -1.10670040       2      1.
MPC     9000000050000033       3     -1.10670040       3      1.
MPC     9000000050000033       4     -1.10670040       4      1.
MPC     9000000050000033       5     -1.10670040       5      1.
MPC     9000000050000033       6     -1.10670040       6      1.
MPC     9000000050000034       1     -1.10670050       1      1.
MPC     9000000050000034       2     -1.10670050       2      1.
MPC     9000000050000034       3     -1.10670050       3      1.
MPC     9000000050000034       4     -1.10670050       4      1.
MPC     9000000050000034       5     -1.10670050       5      1.
MPC     9000000050000034       6     -1.10670050       6      1.
MPC     9000000050000035       1     -1.10670060       1      1.
MPC     9000000050000035       2     -1.10670060       2      1.
MPC     9000000050000035       3     -1.10670060       3      1.
MPC     9000000050000035       4     -1.10670060       4      1.
MPC     9000000050000035       5     -1.10670060       5      1.
MPC     9000000050000035       6     -1.10670060       6      1.
MPC     9000000050000036       1     -1.10670070       1      1.
MPC     9000000050000036       2     -1.10670070       2      1.
MPC     9000000050000036       3     -1.10670070       3      1.
MPC     9000000050000036       4     -1.10670070       4      1.
MPC     9000000050000036       5     -1.10670070       5      1.
MPC     9000000050000036       6     -1.10670070       6      1.
MPC     9000000050000037       1     -1.10670080       1      1.
MPC     9000000050000037       2     -1.10670080       2      1.
MPC     9000000050000037       3     -1.10670080       3      1.
MPC     9000000050000037       4     -1.10670080       4      1.
MPC     9000000050000037       5     -1.10670080       5      1.
MPC     9000000050000037       6     -1.10670080       6      1.
MPC     9000000050000038       1     -1.10670090       1      1.
MPC     9000000050000038       2     -1.10670090       2      1.
MPC     9000000050000038       3     -1.10670090       3      1.
MPC     9000000050000038       4     -1.10670090       4      1.
MPC     9000000050000038       5     -1.10670090       5      1.
MPC     9000000050000038       6     -1.10670090       6      1.
MPC     9000000050000040       1     -1.10670100       1      1.
MPC     9000000050000040       2     -1.10670100       2      1.
MPC     9000000050000040       3     -1.10670100       3      1.
MPC     9000000050000040       4     -1.10670100       4      1.
MPC     9000000050000040       5     -1.10670100       5      1.
MPC     9000000050000040       6     -1.10670100       6      1.
MPC     9000000050000041       1     -1.10670100       1      1.
MPC     9000000050000041       2     -1.10670100       2      1.
MPC     9000000050000041       3     -1.10670100       3      1.
MPC     9000000050000041       4     -1.10670100       4      1.
MPC     9000000050000041       5     -1.10670100       5      1.
MPC     9000000050000041       6     -1.10670100       6      1.
MPC     9000000050000042       1     -1.10670140       1      1.
MPC     9000000050000042       2     -1.10670140       2      1.
MPC     9000000050000042       3     -1.10670140       3      1.
MPC     9000000050000042       4     -1.10670140       4      1.
MPC     9000000050000042       5     -1.10670140       5      1.
MPC     9000000050000042       6     -1.10670140       6      1.
MPC     9000000050000043       1     -1.10670140       1      1.
MPC     9000000050000043       2     -1.10670140       2      1.
MPC     9000000050000043       3     -1.10670140       3      1.
MPC     9000000050000043       4     -1.10670140       4      1.
MPC     9000000050000043       5     -1.10670140       5      1.
MPC     9000000050000043       6     -1.10670140       6      1.
MPC     9000000050000045       1     -1.10670150       1      1.
MPC     9000000050000045       2     -1.10670150       2      1.
MPC     9000000050000045       3     -1.10670150       3      1.
MPC     9000000050000045       4     -1.10670150       4      1.
MPC     9000000050000045       5     -1.10670150       5      1.
MPC     9000000050000045       6     -1.10670150       6      1.
MPC     9000000050000046       1     -1.10670160       1      1.
MPC     9000000050000046       2     -1.10670160       2      1.
MPC     9000000050000046       3     -1.10670160       3      1.
MPC     9000000050000046       4     -1.10670160       4      1.
MPC     9000000050000046       5     -1.10670160       5      1.
MPC     9000000050000046       6     -1.10670160       6      1.
MPC     9000000050000047       1     -1.10670170       1      1.
MPC     9000000050000047       2     -1.10670170       2      1.
MPC     9000000050000047       3     -1.10670170       3      1.
MPC     9000000050000047       4     -1.10670170       4      1.
MPC     9000000050000047       5     -1.10670170       5      1.
MPC     9000000050000047       6     -1.10670170       6      1.
MPC     9000000050000048       1     -1.10670180       1      1.
MPC     9000000050000048       2     -1.10670180       2      1.
MPC     9000000050000048       3     -1.10670180       3      1.
MPC     9000000050000048       4     -1.10670180       4      1.
MPC     9000000050000048       5     -1.10670180       5      1.
MPC     9000000050000048       6     -1.10670180       6      1.
MPC     9000000050000049       1     -1.10670190       1      1.
MPC     9000000050000049       2     -1.10670190       2      1.
MPC     9000000050000049       3     -1.10670190       3      1.
MPC     9000000050000049       4     -1.10670190       4      1.
MPC     9000000050000049       5     -1.10670190       5      1.
MPC     9000000050000049       6     -1.10670190       6      1.
MPC     9000000050000050       1     -1.10670200       1      1.
MPC     9000000050000050       2     -1.10670200       2      1.
MPC     9000000050000050       3     -1.10670200       3      1.
MPC     9000000050000050       4     -1.10670200       4      1.
MPC     9000000050000050       5     -1.10670200       5      1.
MPC     9000000050000050       6     -1.10670200       6      1.
MPC     9000000050000051       1     -1.10670270       1      1.
MPC     9000000050000051       2     -1.10670270       2      1.
MPC     9000000050000051       3     -1.10670270       3      1.
MPC     9000000050000051       4     -1.10670270       4      1.
MPC     9000000050000051       5     -1.10670270       5      1.
MPC     9000000050000051       6     -1.10670270       6      1.
MPC     9000000050000052       1     -1.10670280       1      1.
MPC     9000000050000052       2     -1.10670280       2      1.
MPC     9000000050000052       3     -1.10670280       3      1.
MPC     9000000050000052       4     -1.10670280       4      1.
MPC     9000000050000052       5     -1.10670280       5      1.
MPC     9000000050000052       6     -1.10670280       6      1.
MPC     9000000050000053       1     -1.10670290       1      1.
MPC     9000000050000053       2     -1.10670290       2      1.
MPC     9000000050000053       3     -1.10670290       3      1.
MPC     9000000050000053       4     -1.10670290       4      1.
MPC     9000000050000053       5     -1.10670290       5      1.
MPC     9000000050000053       6     -1.10670290       6      1.
MPC     9000000050000054       1     -1.10670300       1      1.
MPC     9000000050000054       2     -1.10670300       2      1.
MPC     9000000050000054       3     -1.10670300       3      1.
MPC     9000000050000054       4     -1.10670300       4      1.
MPC     9000000050000054       5     -1.10670300       5      1.
MPC     9000000050000054       6     -1.10670300       6      1.
MPC     9000000050000055       1     -1.10670310       1      1.
MPC     9000000050000055       2     -1.10670310       2      1.
MPC     9000000050000055       3     -1.10670310       3      1.
MPC     9000000050000055       4     -1.10670310       4      1.
MPC     9000000050000055       5     -1.10670310       5      1.
MPC     9000000050000055       6     -1.10670310       6      1.
MPC     9000000050000056       1     -1.10670320       1      1.
MPC     9000000050000056       2     -1.10670320       2      1.
MPC     9000000050000056       3     -1.10670320       3      1.
MPC     9000000050000056       4     -1.10670320       4      1.
MPC     9000000050000056       5     -1.10670320       5      1.
MPC     9000000050000056       6     -1.10670320       6      1.
MPC     9000000050000057       1     -1.10670330       1      1.
MPC     9000000050000057       2     -1.10670330       2      1.
MPC     9000000050000057       3     -1.10670330       3      1.
MPC     9000000050000057       4     -1.10670330       4      1.
MPC     9000000050000057       5     -1.10670330       5      1.
MPC     9000000050000057       6     -1.10670330       6      1.
MPC     9000000050000058       1     -1.10670340       1      1.
MPC     9000000050000058       2     -1.10670340       2      1.
MPC     9000000050000058       3     -1.10670340       3      1.
MPC     9000000050000058       4     -1.10670340       4      1.
MPC     9000000050000058       5     -1.10670340       5      1.
MPC     9000000050000058       6     -1.10670340       6      1.
MPC     9000000050000059       1     -1.10670350       1      1.
MPC     9000000050000059       2     -1.10670350       2      1.
MPC     9000000050000059       3     -1.10670350       3      1.
MPC     9000000050000059       4     -1.10670350       4      1.
MPC     9000000050000059       5     -1.10670350       5      1.
MPC     9000000050000059       6     -1.10670350       6      1.
MPC     9000000050000060       1     -1.10670360       1      1.
MPC     9000000050000060       2     -1.10670360       2      1.
MPC     9000000050000060       3     -1.10670360       3      1.
MPC     9000000050000060       4     -1.10670360       4      1.
MPC     9000000050000060       5     -1.10670360       5      1.
MPC     9000000050000060       6     -1.10670360       6      1.
MPC     9000000050000061       1     -1.10670370       1      1.
MPC     9000000050000061       2     -1.10670370       2      1.
MPC     9000000050000061       3     -1.10670370       3      1.
MPC     9000000050000061       4     -1.10670370       4      1.
MPC     9000000050000061       5     -1.10670370       5      1.
MPC     9000000050000061       6     -1.10670370       6      1.
MPC     9000000050000062       1     -1.10670380       1      1.
MPC     9000000050000062       2     -1.10670380       2      1.
MPC     9000000050000062       3     -1.10670380       3      1.
MPC     9000000050000062       4     -1.10670380       4      1.
MPC     9000000050000062       5     -1.10670380       5      1.
MPC     9000000050000062       6     -1.10670380       6      1.
MPC     9000000050000063       1     -1.10670520       1      1.
MPC     9000000050000063       2     -1.10670520       2      1.
MPC     9000000050000063       3     -1.10670520       3      1.
MPC     9000000050000063       4     -1.10670520       4      1.
MPC     9000000050000063       5     -1.10670520       5      1.
MPC     9000000050000063       6     -1.10670520       6      1.
MPC     9000000050000064       1     -1.10670530       1      1.
MPC     9000000050000064       2     -1.10670530       2      1.
MPC     9000000050000064       3     -1.10670530       3      1.
MPC     9000000050000064       4     -1.10670530       4      1.
MPC     9000000050000064       5     -1.10670530       5      1.
MPC     9000000050000064       6     -1.10670530       6      1.
MPC     9000000050000065       1     -1.10670540       1      1.
MPC     9000000050000065       2     -1.10670540       2      1.
MPC     9000000050000065       3     -1.10670540       3      1.
MPC     9000000050000065       4     -1.10670540       4      1.
MPC     9000000050000065       5     -1.10670540       5      1.
MPC     9000000050000065       6     -1.10670540       6      1.
MPC     9000000050000066       1     -1.10670550       1      1.
MPC     9000000050000066       2     -1.10670550       2      1.
MPC     9000000050000066       3     -1.10670550       3      1.
MPC     9000000050000066       4     -1.10670550       4      1.
MPC     9000000050000066       5     -1.10670550       5      1.
MPC     9000000050000066       6     -1.10670550       6      1.
MPC     9000000050000067       1     -1.10670560       1      1.
MPC     9000000050000067       2     -1.10670560       2      1.
MPC     9000000050000067       3     -1.10670560       3      1.
MPC     9000000050000067       4     -1.10670560       4      1.
MPC     9000000050000067       5     -1.10670560       5      1.
MPC     9000000050000067       6     -1.10670560       6      1.
MPC     9000000050000068       1     -1.10670570       1      1.
MPC     9000000050000068       2     -1.10670570       2      1.
MPC     9000000050000068       3     -1.10670570       3      1.
MPC     9000000050000068       4     -1.10670570       4      1.
MPC     9000000050000068       5     -1.10670570       5      1.
MPC     9000000050000068       6     -1.10670570       6      1.
MPC     9000000050000069       1     -1.10670580       1      1.
MPC     9000000050000069       2     -1.10670580       2      1.
MPC     9000000050000069       3     -1.10670580       3      1.
MPC     9000000050000069       4     -1.10670580       4      1.
MPC     9000000050000069       5     -1.10670580       5      1.
MPC     9000000050000069       6     -1.10670580       6      1.
MPC     9000000050000070       1     -1.10670590       1      1.
MPC     9000000050000070       2     -1.10670590       2      1.
MPC     9000000050000070       3     -1.10670590       3      1.
MPC     9000000050000070       4     -1.10670590       4      1.
MPC     9000000050000070       5     -1.10670590       5      1.
MPC     9000000050000070       6     -1.10670590       6      1.
MPC     9000000050000071       1     -1.12670190       1      1.
MPC     9000000050000071       2     -1.12670190       2      1.
MPC     9000000050000071       3     -1.12670190       3      1.
MPC     9000000050000071       4     -1.12670190       4      1.
MPC     9000000050000071       5     -1.12670190       5      1.
MPC     9000000050000071       6     -1.12670190       6      1.
MPC     9000000050000072       1     -1.12670200       1      1.
MPC     9000000050000072       2     -1.12670200       2      1.
MPC     9000000050000072       3     -1.12670200       3      1.
MPC     9000000050000072       4     -1.12670200       4      1.
MPC     9000000050000072       5     -1.12670200       5      1.
MPC     9000000050000072       6     -1.12670200       6      1.
MPC     9000000050000073       1     -1.12670210       1      1.
MPC     9000000050000073       2     -1.12670210       2      1.
MPC     9000000050000073       3     -1.12670210       3      1.
MPC     9000000050000073       4     -1.12670210       4      1.
MPC     9000000050000073       5     -1.12670210       5      1.
MPC     9000000050000073       6     -1.12670210       6      1.
MPC     9000000050000074       1     -1.12670211       1      1.
MPC     9000000050000074       2     -1.12670211       2      1.
MPC     9000000050000074       3     -1.12670211       3      1.
MPC     9000000050000074       4     -1.12670211       4      1.
MPC     9000000050000074       5     -1.12670211       5      1.
MPC     9000000050000074       6     -1.12670211       6      1.
MPC     9000000050000075       1     -1.12670221       1      1.
MPC     9000000050000075       2     -1.12670221       2      1.
MPC     9000000050000075       3     -1.12670221       3      1.
MPC     9000000050000075       4     -1.12670221       4      1.
MPC     9000000050000075       5     -1.12670221       5      1.
MPC     9000000050000075       6     -1.12670221       6      1.
MPC     9000000050000076       1     -1.12670230       1      1.
MPC     9000000050000076       2     -1.12670230       2      1.
MPC     9000000050000076       3     -1.12670230       3      1.
MPC     9000000050000076       4     -1.12670230       4      1.
MPC     9000000050000076       5     -1.12670230       5      1.
MPC     9000000050000076       6     -1.12670230       6      1.
MPC     9000000050000077       1     -1.12670240       1      1.
MPC     9000000050000077       2     -1.12670240       2      1.
MPC     9000000050000077       3     -1.12670240       3      1.
MPC     9000000050000077       4     -1.12670240       4      1.
MPC     9000000050000077       5     -1.12670240       5      1.
MPC     9000000050000077       6     -1.12670240       6      1.
MPC     9000000050000078       1     -1.  870380       1      1.
MPC     9000000050000078       2     -1.  870380       2      1.
MPC     9000000050000078       3     -1.  870380       3      1.
MPC     9000000050000078       4     -1.  870380       4      1.
MPC     9000000050000078       5     -1.  870380       5      1.
MPC     9000000050000078       6     -1.  870380       6      1.
MPC     9000000050000079       1     -1.  870620       1      1.
MPC     9000000050000079       2     -1.  870620       2      1.
MPC     9000000050000079       3     -1.  870620       3      1.
MPC     9000000050000079       4     -1.  870620       4      1.
MPC     9000000050000079       5     -1.  870620       5      1.
MPC     9000000050000079       6     -1.  870620       6      1.
MPC     9000000050000080       1     -1.10800010       1      1.
MPC     9000000050000080       2     -1.10800010       2      1.
MPC     9000000050000080       3     -1.10800010       3      1.
MPC     9000000050000080       4     -1.10800010       4      1.
MPC     9000000050000080       5     -1.10800010       5      1.
MPC     9000000050000080       6     -1.10800010       6      1.
MPC     9000000050000081       1     -1.10800020       1      1.
MPC     9000000050000081       2     -1.10800020       2      1.
MPC     9000000050000081       3     -1.10800020       3      1.
MPC     9000000050000081       4     -1.10800020       4      1.
MPC     9000000050000081       5     -1.10800020       5      1.
MPC     9000000050000081       6     -1.10800020       6      1.
MPC     9000000050000082       1     -1.10800030       1      1.
MPC     9000000050000082       2     -1.10800030       2      1.
MPC     9000000050000082       3     -1.10800030       3      1.
MPC     9000000050000082       4     -1.10800030       4      1.
MPC     9000000050000082       5     -1.10800030       5      1.
MPC     9000000050000082       6     -1.10800030       6      1.
MPC     9000000050000083       1     -1.10800040       1      1.
MPC     9000000050000083       2     -1.10800040       2      1.
MPC     9000000050000083       3     -1.10800040       3      1.
MPC     9000000050000083       4     -1.10800040       4      1.
MPC     9000000050000083       5     -1.10800040       5      1.
MPC     9000000050000083       6     -1.10800040       6      1.
MPC     9000000050000084       1     -1.10800050       1      1.
MPC     9000000050000084       2     -1.10800050       2      1.
MPC     9000000050000084       3     -1.10800050       3      1.
MPC     9000000050000084       4     -1.10800050       4      1.
MPC     9000000050000084       5     -1.10800050       5      1.
MPC     9000000050000084       6     -1.10800050       6      1.
MPC     9000000050000085       1     -1.10800060       1      1.
MPC     9000000050000085       2     -1.10800060       2      1.
MPC     9000000050000085       3     -1.10800060       3      1.
MPC     9000000050000085       4     -1.10800060       4      1.
MPC     9000000050000085       5     -1.10800060       5      1.
MPC     9000000050000085       6     -1.10800060       6      1.
MPC     9000000050000086       1     -1.10800070       1      1.
MPC     9000000050000086       2     -1.10800070       2      1.
MPC     9000000050000086       3     -1.10800070       3      1.
MPC     9000000050000086       4     -1.10800070       4      1.
MPC     9000000050000086       5     -1.10800070       5      1.
MPC     9000000050000086       6     -1.10800070       6      1.
MPC     9000000050000087       1     -1.10800080       1      1.
MPC     9000000050000087       2     -1.10800080       2      1.
MPC     9000000050000087       3     -1.10800080       3      1.
MPC     9000000050000087       4     -1.10800080       4      1.
MPC     9000000050000087       5     -1.10800080       5      1.
MPC     9000000050000087       6     -1.10800080       6      1.
MPC     9000000050000088       1     -1.10800090       1      1.
MPC     9000000050000088       2     -1.10800090       2      1.
MPC     9000000050000088       3     -1.10800090       3      1.
MPC     9000000050000088       4     -1.10800090       4      1.
MPC     9000000050000088       5     -1.10800090       5      1.
MPC     9000000050000088       6     -1.10800090       6      1.
MPC     9000000050000090       1     -1.10800100       1      1.
MPC     9000000050000090       2     -1.10800100       2      1.
MPC     9000000050000090       3     -1.10800100       3      1.
MPC     9000000050000090       4     -1.10800100       4      1.
MPC     9000000050000090       5     -1.10800100       5      1.
MPC     9000000050000090       6     -1.10800100       6      1.
MPC     9000000050000091       1     -1.10800100       1      1.
MPC     9000000050000091       2     -1.10800100       2      1.
MPC     9000000050000091       3     -1.10800100       3      1.
MPC     9000000050000091       4     -1.10800100       4      1.
MPC     9000000050000091       5     -1.10800100       5      1.
MPC     9000000050000091       6     -1.10800100       6      1.
MPC     9000000050000092       1     -1.10800140       1      1.
MPC     9000000050000092       2     -1.10800140       2      1.
MPC     9000000050000092       3     -1.10800140       3      1.
MPC     9000000050000092       4     -1.10800140       4      1.
MPC     9000000050000092       5     -1.10800140       5      1.
MPC     9000000050000092       6     -1.10800140       6      1.
MPC     9000000050000093       1     -1.10800140       1      1.
MPC     9000000050000093       2     -1.10800140       2      1.
MPC     9000000050000093       3     -1.10800140       3      1.
MPC     9000000050000093       4     -1.10800140       4      1.
MPC     9000000050000093       5     -1.10800140       5      1.
MPC     9000000050000093       6     -1.10800140       6      1.
MPC     9000000050000095       1     -1.10800150       1      1.
MPC     9000000050000095       2     -1.10800150       2      1.
MPC     9000000050000095       3     -1.10800150       3      1.
MPC     9000000050000095       4     -1.10800150       4      1.
MPC     9000000050000095       5     -1.10800150       5      1.
MPC     9000000050000095       6     -1.10800150       6      1.
MPC     9000000050000096       1     -1.10800160       1      1.
MPC     9000000050000096       2     -1.10800160       2      1.
MPC     9000000050000096       3     -1.10800160       3      1.
MPC     9000000050000096       4     -1.10800160       4      1.
MPC     9000000050000096       5     -1.10800160       5      1.
MPC     9000000050000096       6     -1.10800160       6      1.
MPC     9000000050000097       1     -1.10800170       1      1.
MPC     9000000050000097       2     -1.10800170       2      1.
MPC     9000000050000097       3     -1.10800170       3      1.
MPC     9000000050000097       4     -1.10800170       4      1.
MPC     9000000050000097       5     -1.10800170       5      1.
MPC     9000000050000097       6     -1.10800170       6      1.
MPC     9000000050000098       1     -1.10800180       1      1.
MPC     9000000050000098       2     -1.10800180       2      1.
MPC     9000000050000098       3     -1.10800180       3      1.
MPC     9000000050000098       4     -1.10800180       4      1.
MPC     9000000050000098       5     -1.10800180       5      1.
MPC     9000000050000098       6     -1.10800180       6      1.
MPC     9000000050000099       1     -1.10800190       1      1.
MPC     9000000050000099       2     -1.10800190       2      1.
MPC     9000000050000099       3     -1.10800190       3      1.
MPC     9000000050000099       4     -1.10800190       4      1.
MPC     9000000050000099       5     -1.10800190       5      1.
MPC     9000000050000099       6     -1.10800190       6      1.
MPC     9000000050000101       1     -1.10800200       1      1.
MPC     9000000050000101       2     -1.10800200       2      1.
MPC     9000000050000101       3     -1.10800200       3      1.
MPC     9000000050000101       4     -1.10800200       4      1.
MPC     9000000050000101       5     -1.10800200       5      1.
MPC     9000000050000101       6     -1.10800200       6      1.
MPC     9000000050000102       1     -1.10800270       1      1.
MPC     9000000050000102       2     -1.10800270       2      1.
MPC     9000000050000102       3     -1.10800270       3      1.
MPC     9000000050000102       4     -1.10800270       4      1.
MPC     9000000050000102       5     -1.10800270       5      1.
MPC     9000000050000102       6     -1.10800270       6      1.
MPC     9000000050000103       1     -1.10800280       1      1.
MPC     9000000050000103       2     -1.10800280       2      1.
MPC     9000000050000103       3     -1.10800280       3      1.
MPC     9000000050000103       4     -1.10800280       4      1.
MPC     9000000050000103       5     -1.10800280       5      1.
MPC     9000000050000103       6     -1.10800280       6      1.
MPC     9000000050000104       1     -1.10800290       1      1.
MPC     9000000050000104       2     -1.10800290       2      1.
MPC     9000000050000104       3     -1.10800290       3      1.
MPC     9000000050000104       4     -1.10800290       4      1.
MPC     9000000050000104       5     -1.10800290       5      1.
MPC     9000000050000104       6     -1.10800290       6      1.
MPC     9000000050000105       1     -1.10800300       1      1.
MPC     9000000050000105       2     -1.10800300       2      1.
MPC     9000000050000105       3     -1.10800300       3      1.
MPC     9000000050000105       4     -1.10800300       4      1.
MPC     9000000050000105       5     -1.10800300       5      1.
MPC     9000000050000105       6     -1.10800300       6      1.
MPC     9000000050000106       1     -1.10800310       1      1.
MPC     9000000050000106       2     -1.10800310       2      1.
MPC     9000000050000106       3     -1.10800310       3      1.
MPC     9000000050000106       4     -1.10800310       4      1.
MPC     9000000050000106       5     -1.10800310       5      1.
MPC     9000000050000106       6     -1.10800310       6      1.
MPC     9000000050000107       1     -1.10800320       1      1.
MPC     9000000050000107       2     -1.10800320       2      1.
MPC     9000000050000107       3     -1.10800320       3      1.
MPC     9000000050000107       4     -1.10800320       4      1.
MPC     9000000050000107       5     -1.10800320       5      1.
MPC     9000000050000107       6     -1.10800320       6      1.
MPC     9000000050000108       1     -1.10800330       1      1.
MPC     9000000050000108       2     -1.10800330       2      1.
MPC     9000000050000108       3     -1.10800330       3      1.
MPC     9000000050000108       4     -1.10800330       4      1.
MPC     9000000050000108       5     -1.10800330       5      1.
MPC     9000000050000108       6     -1.10800330       6      1.
MPC     9000000050000109       1     -1.10800340       1      1.
MPC     9000000050000109       2     -1.10800340       2      1.
MPC     9000000050000109       3     -1.10800340       3      1.
MPC     9000000050000109       4     -1.10800340       4      1.
MPC     9000000050000109       5     -1.10800340       5      1.
MPC     9000000050000109       6     -1.10800340       6      1.
MPC     9000000050000110       1     -1.10800350       1      1.
MPC     9000000050000110       2     -1.10800350       2      1.
MPC     9000000050000110       3     -1.10800350       3      1.
MPC     9000000050000110       4     -1.10800350       4      1.
MPC     9000000050000110       5     -1.10800350       5      1.
MPC     9000000050000110       6     -1.10800350       6      1.
MPC     9000000050000111       1     -1.10800360       1      1.
MPC     9000000050000111       2     -1.10800360       2      1.
MPC     9000000050000111       3     -1.10800360       3      1.
MPC     9000000050000111       4     -1.10800360       4      1.
MPC     9000000050000111       5     -1.10800360       5      1.
MPC     9000000050000111       6     -1.10800360       6      1.
MPC     9000000050000112       1     -1.10800370       1      1.
MPC     9000000050000112       2     -1.10800370       2      1.
MPC     9000000050000112       3     -1.10800370       3      1.
MPC     9000000050000112       4     -1.10800370       4      1.
MPC     9000000050000112       5     -1.10800370       5      1.
MPC     9000000050000112       6     -1.10800370       6      1.
MPC     9000000050000113       1     -1.10800380       1      1.
MPC     9000000050000113       2     -1.10800380       2      1.
MPC     9000000050000113       3     -1.10800380       3      1.
MPC     9000000050000113       4     -1.10800380       4      1.
MPC     9000000050000113       5     -1.10800380       5      1.
MPC     9000000050000113       6     -1.10800380       6      1.
MPC     9000000050000114       1     -1.10800520       1      1.
MPC     9000000050000114       2     -1.10800520       2      1.
MPC     9000000050000114       3     -1.10800520       3      1.
MPC     9000000050000114       4     -1.10800520       4      1.
MPC     9000000050000114       5     -1.10800520       5      1.
MPC     9000000050000114       6     -1.10800520       6      1.
MPC     9000000050000115       1     -1.10800530       1      1.
MPC     9000000050000115       2     -1.10800530       2      1.
MPC     9000000050000115       3     -1.10800530       3      1.
MPC     9000000050000115       4     -1.10800530       4      1.
MPC     9000000050000115       5     -1.10800530       5      1.
MPC     9000000050000115       6     -1.10800530       6      1.
MPC     9000000050000116       1     -1.10800540       1      1.
MPC     9000000050000116       2     -1.10800540       2      1.
MPC     9000000050000116       3     -1.10800540       3      1.
MPC     9000000050000116       4     -1.10800540       4      1.
MPC     9000000050000116       5     -1.10800540       5      1.
MPC     9000000050000116       6     -1.10800540       6      1.
MPC     9000000050000117       1     -1.10800550       1      1.
MPC     9000000050000117       2     -1.10800550       2      1.
MPC     9000000050000117       3     -1.10800550       3      1.
MPC     9000000050000117       4     -1.10800550       4      1.
MPC     9000000050000117       5     -1.10800550       5      1.
MPC     9000000050000117       6     -1.10800550       6      1.
MPC     9000000050000118       1     -1.10800560       1      1.
MPC     9000000050000118       2     -1.10800560       2      1.
MPC     9000000050000118       3     -1.10800560       3      1.
MPC     9000000050000118       4     -1.10800560       4      1.
MPC     9000000050000118       5     -1.10800560       5      1.
MPC     9000000050000118       6     -1.10800560       6      1.
MPC     9000000050000119       1     -1.10800570       1      1.
MPC     9000000050000119       2     -1.10800570       2      1.
MPC     9000000050000119       3     -1.10800570       3      1.
MPC     9000000050000119       4     -1.10800570       4      1.
MPC     9000000050000119       5     -1.10800570       5      1.
MPC     9000000050000119       6     -1.10800570       6      1.
MPC     9000000050000120       1     -1.10800580       1      1.
MPC     9000000050000120       2     -1.10800580       2      1.
MPC     9000000050000120       3     -1.10800580       3      1.
MPC     9000000050000120       4     -1.10800580       4      1.
MPC     9000000050000120       5     -1.10800580       5      1.
MPC     9000000050000120       6     -1.10800580       6      1.
MPC     9000000050000121       1     -1.10800590       1      1.
MPC     9000000050000121       2     -1.10800590       2      1.
MPC     9000000050000121       3     -1.10800590       3      1.
MPC     9000000050000121       4     -1.10800590       4      1.
MPC     9000000050000121       5     -1.10800590       5      1.
MPC     9000000050000121       6     -1.10800590       6      1.
MPC     9000000050000122       1     -1.12800190       1      1.
MPC     9000000050000122       2     -1.12800190       2      1.
MPC     9000000050000122       3     -1.12800190       3      1.
MPC     9000000050000122       4     -1.12800190       4      1.
MPC     9000000050000122       5     -1.12800190       5      1.
MPC     9000000050000122       6     -1.12800190       6      1.
MPC     9000000050000123       1     -1.12800200       1      1.
MPC     9000000050000123       2     -1.12800200       2      1.
MPC     9000000050000123       3     -1.12800200       3      1.
MPC     9000000050000123       4     -1.12800200       4      1.
MPC     9000000050000123       5     -1.12800200       5      1.
MPC     9000000050000123       6     -1.12800200       6      1.
MPC     9000000050000124       1     -1.12800210       1      1.
MPC     9000000050000124       2     -1.12800210       2      1.
MPC     9000000050000124       3     -1.12800210       3      1.
MPC     9000000050000124       4     -1.12800210       4      1.
MPC     9000000050000124       5     -1.12800210       5      1.
MPC     9000000050000124       6     -1.12800210       6      1.
MPC     9000000050000125       1     -1.12800211       1      1.
MPC     9000000050000125       2     -1.12800211       2      1.
MPC     9000000050000125       3     -1.12800211       3      1.
MPC     9000000050000125       4     -1.12800211       4      1.
MPC     9000000050000125       5     -1.12800211       5      1.
MPC     9000000050000125       6     -1.12800211       6      1.
MPC     9000000050000126       1     -1.12800221       1      1.
MPC     9000000050000126       2     -1.12800221       2      1.
MPC     9000000050000126       3     -1.12800221       3      1.
MPC     9000000050000126       4     -1.12800221       4      1.
MPC     9000000050000126       5     -1.12800221       5      1.
MPC     9000000050000126       6     -1.12800221       6      1.
MPC     9000000050000127       1     -1.12800230       1      1.
MPC     9000000050000127       2     -1.12800230       2      1.
MPC     9000000050000127       3     -1.12800230       3      1.
MPC     9000000050000127       4     -1.12800230       4      1.
MPC     9000000050000127       5     -1.12800230       5      1.
MPC     9000000050000127       6     -1.12800230       6      1.
MPC     9000000050000128       1     -1.12800240       1      1.
MPC     9000000050000128       2     -1.12800240       2      1.
MPC     9000000050000128       3     -1.12800240       3      1.
MPC     9000000050000128       4     -1.12800240       4      1.
MPC     9000000050000128       5     -1.12800240       5      1.
MPC     9000000050000128       6     -1.12800240       6      1.
MPC     9000000050000174       1     -1.10670600       1      1.
MPC     9000000050000174       2     -1.10670600       2      1.
MPC     9000000050000174       3     -1.10670600       3      1.
MPC     9000000050000174       4     -1.10670600       4      1.
MPC     9000000050000174       5     -1.10670600       5      1.
MPC     9000000050000174       6     -1.10670600       6      1.
MPC     9000000050000129       1     -1.50000174       1      1.
MPC     9000000050000129       2     -1.50000174       2      1.
MPC     9000000050000129       3     -1.50000174       3      1.
MPC     9000000050000129       4     -1.50000174       4      1.
MPC     9000000050000129       5     -1.50000174       5      1.
MPC     9000000050000129       6     -1.50000174       6      1.
MPC     9000000050000175       1     -1.10670590       1      1.
MPC     9000000050000175       2     -1.10670590       2      1.
MPC     9000000050000175       3     -1.10670590       3      1.
MPC     9000000050000175       4     -1.10670590       4      1.
MPC     9000000050000175       5     -1.10670590       5      1.
MPC     9000000050000175       6     -1.10670590       6      1.
MPC     9000000050000130       1     -1.50000175       1      1.
MPC     9000000050000130       2     -1.50000175       2      1.
MPC     9000000050000130       3     -1.50000175       3      1.
MPC     9000000050000130       4     -1.50000175       4      1.
MPC     9000000050000130       5     -1.50000175       5      1.
MPC     9000000050000130       6     -1.50000175       6      1.
MPC     9000000050000176       1     -1.10670580       1      1.
MPC     9000000050000176       2     -1.10670580       2      1.
MPC     9000000050000176       3     -1.10670580       3      1.
MPC     9000000050000176       4     -1.10670580       4      1.
MPC     9000000050000176       5     -1.10670580       5      1.
MPC     9000000050000176       6     -1.10670580       6      1.
MPC     9000000050000131       1     -1.50000176       1      1.
MPC     9000000050000131       2     -1.50000176       2      1.
MPC     9000000050000131       3     -1.50000176       3      1.
MPC     9000000050000131       4     -1.50000176       4      1.
MPC     9000000050000131       5     -1.50000176       5      1.
MPC     9000000050000131       6     -1.50000176       6      1.
MPC     9000000050000177       1     -1.10670570       1      1.
MPC     9000000050000177       2     -1.10670570       2      1.
MPC     9000000050000177       3     -1.10670570       3      1.
MPC     9000000050000177       4     -1.10670570       4      1.
MPC     9000000050000177       5     -1.10670570       5      1.
MPC     9000000050000177       6     -1.10670570       6      1.
MPC     9000000050000132       1     -1.50000177       1      1.
MPC     9000000050000132       2     -1.50000177       2      1.
MPC     9000000050000132       3     -1.50000177       3      1.
MPC     9000000050000132       4     -1.50000177       4      1.
MPC     9000000050000132       5     -1.50000177       5      1.
MPC     9000000050000132       6     -1.50000177       6      1.
MPC     9000000050000178       1     -1.10670560       1      1.
MPC     9000000050000178       2     -1.10670560       2      1.
MPC     9000000050000178       3     -1.10670560       3      1.
MPC     9000000050000178       4     -1.10670560       4      1.
MPC     9000000050000178       5     -1.10670560       5      1.
MPC     9000000050000178       6     -1.10670560       6      1.
MPC     9000000050000133       1     -1.50000178       1      1.
MPC     9000000050000133       2     -1.50000178       2      1.
MPC     9000000050000133       3     -1.50000178       3      1.
MPC     9000000050000133       4     -1.50000178       4      1.
MPC     9000000050000133       5     -1.50000178       5      1.
MPC     9000000050000133       6     -1.50000178       6      1.
MPC     9000000050000179       1     -1.10670550       1      1.
MPC     9000000050000179       2     -1.10670550       2      1.
MPC     9000000050000179       3     -1.10670550       3      1.
MPC     9000000050000179       4     -1.10670550       4      1.
MPC     9000000050000179       5     -1.10670550       5      1.
MPC     9000000050000179       6     -1.10670550       6      1.
MPC     9000000050000134       1     -1.50000179       1      1.
MPC     9000000050000134       2     -1.50000179       2      1.
MPC     9000000050000134       3     -1.50000179       3      1.
MPC     9000000050000134       4     -1.50000179       4      1.
MPC     9000000050000134       5     -1.50000179       5      1.
MPC     9000000050000134       6     -1.50000179       6      1.
MPC     9000000050000180       1     -1.10670540       1      1.
MPC     9000000050000180       2     -1.10670540       2      1.
MPC     9000000050000180       3     -1.10670540       3      1.
MPC     9000000050000180       4     -1.10670540       4      1.
MPC     9000000050000180       5     -1.10670540       5      1.
MPC     9000000050000180       6     -1.10670540       6      1.
MPC     9000000050000135       1     -1.50000180       1      1.
MPC     9000000050000135       2     -1.50000180       2      1.
MPC     9000000050000135       3     -1.50000180       3      1.
MPC     9000000050000135       4     -1.50000180       4      1.
MPC     9000000050000135       5     -1.50000180       5      1.
MPC     9000000050000135       6     -1.50000180       6      1.
MPC     9000000050000181       1     -1.10670530       1      1.
MPC     9000000050000181       2     -1.10670530       2      1.
MPC     9000000050000181       3     -1.10670530       3      1.
MPC     9000000050000181       4     -1.10670530       4      1.
MPC     9000000050000181       5     -1.10670530       5      1.
MPC     9000000050000181       6     -1.10670530       6      1.
MPC     9000000050000136       1     -1.50000181       1      1.
MPC     9000000050000136       2     -1.50000181       2      1.
MPC     9000000050000136       3     -1.50000181       3      1.
MPC     9000000050000136       4     -1.50000181       4      1.
MPC     9000000050000136       5     -1.50000181       5      1.
MPC     9000000050000136       6     -1.50000181       6      1.
MPC     9000000050000182       1     -1.10670520       1      1.
MPC     9000000050000182       2     -1.10670520       2      1.
MPC     9000000050000182       3     -1.10670520       3      1.
MPC     9000000050000182       4     -1.10670520       4      1.
MPC     9000000050000182       5     -1.10670520       5      1.
MPC     9000000050000182       6     -1.10670520       6      1.
MPC     9000000050000137       1     -1.50000182       1      1.
MPC     9000000050000137       2     -1.50000182       2      1.
MPC     9000000050000137       3     -1.50000182       3      1.
MPC     9000000050000137       4     -1.50000182       4      1.
MPC     9000000050000137       5     -1.50000182       5      1.
MPC     9000000050000137       6     -1.50000182       6      1.
MPC     9000000050000183       1     -1.10670020       1      1.
MPC     9000000050000183       2     -1.10670020       2      1.
MPC     9000000050000183       3     -1.10670020       3      1.
MPC     9000000050000183       4     -1.10670020       4      1.
MPC     9000000050000183       5     -1.10670020       5      1.
MPC     9000000050000183       6     -1.10670020       6      1.
MPC     9000000050000138       1     -1.50000183       1      1.
MPC     9000000050000138       2     -1.50000183       2      1.
MPC     9000000050000138       3     -1.50000183       3      1.
MPC     9000000050000138       4     -1.50000183       4      1.
MPC     9000000050000138       5     -1.50000183       5      1.
MPC     9000000050000138       6     -1.50000183       6      1.
MPC     9000000050000184       1     -1.10670030       1      1.
MPC     9000000050000184       2     -1.10670030       2      1.
MPC     9000000050000184       3     -1.10670030       3      1.
MPC     9000000050000184       4     -1.10670030       4      1.
MPC     9000000050000184       5     -1.10670030       5      1.
MPC     9000000050000184       6     -1.10670030       6      1.
MPC     9000000050000139       1     -1.50000184       1      1.
MPC     9000000050000139       2     -1.50000184       2      1.
MPC     9000000050000139       3     -1.50000184       3      1.
MPC     9000000050000139       4     -1.50000184       4      1.
MPC     9000000050000139       5     -1.50000184       5      1.
MPC     9000000050000139       6     -1.50000184       6      1.
MPC     9000000050000185       1     -1.10670040       1      1.
MPC     9000000050000185       2     -1.10670040       2      1.
MPC     9000000050000185       3     -1.10670040       3      1.
MPC     9000000050000185       4     -1.10670040       4      1.
MPC     9000000050000185       5     -1.10670040       5      1.
MPC     9000000050000185       6     -1.10670040       6      1.
MPC     9000000050000140       1     -1.50000185       1      1.
MPC     9000000050000140       2     -1.50000185       2      1.
MPC     9000000050000140       3     -1.50000185       3      1.
MPC     9000000050000140       4     -1.50000185       4      1.
MPC     9000000050000140       5     -1.50000185       5      1.
MPC     9000000050000140       6     -1.50000185       6      1.
MPC     9000000050000186       1     -1.10670050       1      1.
MPC     9000000050000186       2     -1.10670050       2      1.
MPC     9000000050000186       3     -1.10670050       3      1.
MPC     9000000050000186       4     -1.10670050       4      1.
MPC     9000000050000186       5     -1.10670050       5      1.
MPC     9000000050000186       6     -1.10670050       6      1.
MPC     9000000050000141       1     -1.50000186       1      1.
MPC     9000000050000141       2     -1.50000186       2      1.
MPC     9000000050000141       3     -1.50000186       3      1.
MPC     9000000050000141       4     -1.50000186       4      1.
MPC     9000000050000141       5     -1.50000186       5      1.
MPC     9000000050000141       6     -1.50000186       6      1.
MPC     9000000050000187       1     -1.10670060       1      1.
MPC     9000000050000187       2     -1.10670060       2      1.
MPC     9000000050000187       3     -1.10670060       3      1.
MPC     9000000050000187       4     -1.10670060       4      1.
MPC     9000000050000187       5     -1.10670060       5      1.
MPC     9000000050000187       6     -1.10670060       6      1.
MPC     9000000050000142       1     -1.50000187       1      1.
MPC     9000000050000142       2     -1.50000187       2      1.
MPC     9000000050000142       3     -1.50000187       3      1.
MPC     9000000050000142       4     -1.50000187       4      1.
MPC     9000000050000142       5     -1.50000187       5      1.
MPC     9000000050000142       6     -1.50000187       6      1.
MPC     9000000050000188       1     -1.10670070       1      1.
MPC     9000000050000188       2     -1.10670070       2      1.
MPC     9000000050000188       3     -1.10670070       3      1.
MPC     9000000050000188       4     -1.10670070       4      1.
MPC     9000000050000188       5     -1.10670070       5      1.
MPC     9000000050000188       6     -1.10670070       6      1.
MPC     9000000050000143       1     -1.50000188       1      1.
MPC     9000000050000143       2     -1.50000188       2      1.
MPC     9000000050000143       3     -1.50000188       3      1.
MPC     9000000050000143       4     -1.50000188       4      1.
MPC     9000000050000143       5     -1.50000188       5      1.
MPC     9000000050000143       6     -1.50000188       6      1.
MPC     9000000050000189       1     -1.10670080       1      1.
MPC     9000000050000189       2     -1.10670080       2      1.
MPC     9000000050000189       3     -1.10670080       3      1.
MPC     9000000050000189       4     -1.10670080       4      1.
MPC     9000000050000189       5     -1.10670080       5      1.
MPC     9000000050000189       6     -1.10670080       6      1.
MPC     9000000050000144       1     -1.50000189       1      1.
MPC     9000000050000144       2     -1.50000189       2      1.
MPC     9000000050000144       3     -1.50000189       3      1.
MPC     9000000050000144       4     -1.50000189       4      1.
MPC     9000000050000144       5     -1.50000189       5      1.
MPC     9000000050000144       6     -1.50000189       6      1.
MPC     9000000050000190       1     -1.10670090       1      1.
MPC     9000000050000190       2     -1.10670090       2      1.
MPC     9000000050000190       3     -1.10670090       3      1.
MPC     9000000050000190       4     -1.10670090       4      1.
MPC     9000000050000190       5     -1.10670090       5      1.
MPC     9000000050000190       6     -1.10670090       6      1.
MPC     9000000050000145       1     -1.50000190       1      1.
MPC     9000000050000145       2     -1.50000190       2      1.
MPC     9000000050000145       3     -1.50000190       3      1.
MPC     9000000050000145       4     -1.50000190       4      1.
MPC     9000000050000145       5     -1.50000190       5      1.
MPC     9000000050000145       6     -1.50000190       6      1.
MPC     9000000050000191       1     -1.10670100       1      1.
MPC     9000000050000191       2     -1.10670100       2      1.
MPC     9000000050000191       3     -1.10670100       3      1.
MPC     9000000050000191       4     -1.10670100       4      1.
MPC     9000000050000191       5     -1.10670100       5      1.
MPC     9000000050000191       6     -1.10670100       6      1.
MPC     9000000050000146       1     -1.50000191       1      1.
MPC     9000000050000146       2     -1.50000191       2      1.
MPC     9000000050000146       3     -1.50000191       3      1.
MPC     9000000050000146       4     -1.50000191       4      1.
MPC     9000000050000146       5     -1.50000191       5      1.
MPC     9000000050000146       6     -1.50000191       6      1.
MPC     9000000050000192       1     -1.10670140       1      1.
MPC     9000000050000192       2     -1.10670140       2      1.
MPC     9000000050000192       3     -1.10670140       3      1.
MPC     9000000050000192       4     -1.10670140       4      1.
MPC     9000000050000192       5     -1.10670140       5      1.
MPC     9000000050000192       6     -1.10670140       6      1.
MPC     9000000050000147       1     -1.50000192       1      1.
MPC     9000000050000147       2     -1.50000192       2      1.
MPC     9000000050000147       3     -1.50000192       3      1.
MPC     9000000050000147       4     -1.50000192       4      1.
MPC     9000000050000147       5     -1.50000192       5      1.
MPC     9000000050000147       6     -1.50000192       6      1.
MPC     9000000050000193       1     -1.10670150       1      1.
MPC     9000000050000193       2     -1.10670150       2      1.
MPC     9000000050000193       3     -1.10670150       3      1.
MPC     9000000050000193       4     -1.10670150       4      1.
MPC     9000000050000193       5     -1.10670150       5      1.
MPC     9000000050000193       6     -1.10670150       6      1.
MPC     9000000050000148       1     -1.50000193       1      1.
MPC     9000000050000148       2     -1.50000193       2      1.
MPC     9000000050000148       3     -1.50000193       3      1.
MPC     9000000050000148       4     -1.50000193       4      1.
MPC     9000000050000148       5     -1.50000193       5      1.
MPC     9000000050000148       6     -1.50000193       6      1.
MPC     9000000050000194       1     -1.10670160       1      1.
MPC     9000000050000194       2     -1.10670160       2      1.
MPC     9000000050000194       3     -1.10670160       3      1.
MPC     9000000050000194       4     -1.10670160       4      1.
MPC     9000000050000194       5     -1.10670160       5      1.
MPC     9000000050000194       6     -1.10670160       6      1.
MPC     9000000050000149       1     -1.50000194       1      1.
MPC     9000000050000149       2     -1.50000194       2      1.
MPC     9000000050000149       3     -1.50000194       3      1.
MPC     9000000050000149       4     -1.50000194       4      1.
MPC     9000000050000149       5     -1.50000194       5      1.
MPC     9000000050000149       6     -1.50000194       6      1.
MPC     9000000050000195       1     -1.10670170       1      1.
MPC     9000000050000195       2     -1.10670170       2      1.
MPC     9000000050000195       3     -1.10670170       3      1.
MPC     9000000050000195       4     -1.10670170       4      1.
MPC     9000000050000195       5     -1.10670170       5      1.
MPC     9000000050000195       6     -1.10670170       6      1.
MPC     9000000050000150       1     -1.50000195       1      1.
MPC     9000000050000150       2     -1.50000195       2      1.
MPC     9000000050000150       3     -1.50000195       3      1.
MPC     9000000050000150       4     -1.50000195       4      1.
MPC     9000000050000150       5     -1.50000195       5      1.
MPC     9000000050000150       6     -1.50000195       6      1.
MPC     9000000050000196       1     -1.10670180       1      1.
MPC     9000000050000196       2     -1.10670180       2      1.
MPC     9000000050000196       3     -1.10670180       3      1.
MPC     9000000050000196       4     -1.10670180       4      1.
MPC     9000000050000196       5     -1.10670180       5      1.
MPC     9000000050000196       6     -1.10670180       6      1.
MPC     9000000050000151       1     -1.50000196       1      1.
MPC     9000000050000151       2     -1.50000196       2      1.
MPC     9000000050000151       3     -1.50000196       3      1.
MPC     9000000050000151       4     -1.50000196       4      1.
MPC     9000000050000151       5     -1.50000196       5      1.
MPC     9000000050000151       6     -1.50000196       6      1.
MPC     9000000050000197       1     -1.10670190       1      1.
MPC     9000000050000197       2     -1.10670190       2      1.
MPC     9000000050000197       3     -1.10670190       3      1.
MPC     9000000050000197       4     -1.10670190       4      1.
MPC     9000000050000197       5     -1.10670190       5      1.
MPC     9000000050000197       6     -1.10670190       6      1.
MPC     9000000050000152       1     -1.50000197       1      1.
MPC     9000000050000152       2     -1.50000197       2      1.
MPC     9000000050000152       3     -1.50000197       3      1.
MPC     9000000050000152       4     -1.50000197       4      1.
MPC     9000000050000152       5     -1.50000197       5      1.
MPC     9000000050000152       6     -1.50000197       6      1.
MPC     9000000050000198       1     -1.10670200       1      1.
MPC     9000000050000198       2     -1.10670200       2      1.
MPC     9000000050000198       3     -1.10670200       3      1.
MPC     9000000050000198       4     -1.10670200       4      1.
MPC     9000000050000198       5     -1.10670200       5      1.
MPC     9000000050000198       6     -1.10670200       6      1.
MPC     9000000050000153       1     -1.50000198       1      1.
MPC     9000000050000153       2     -1.50000198       2      1.
MPC     9000000050000153       3     -1.50000198       3      1.
MPC     9000000050000153       4     -1.50000198       4      1.
MPC     9000000050000153       5     -1.50000198       5      1.
MPC     9000000050000153       6     -1.50000198       6      1.
MPC     9000000050000199       1     -1.12670190       1      1.
MPC     9000000050000199       2     -1.12670190       2      1.
MPC     9000000050000199       3     -1.12670190       3      1.
MPC     9000000050000199       4     -1.12670190       4      1.
MPC     9000000050000199       5     -1.12670190       5      1.
MPC     9000000050000199       6     -1.12670190       6      1.
MPC     9000000050000154       1     -1.50000199       1      1.
MPC     9000000050000154       2     -1.50000199       2      1.
MPC     9000000050000154       3     -1.50000199       3      1.
MPC     9000000050000154       4     -1.50000199       4      1.
MPC     9000000050000154       5     -1.50000199       5      1.
MPC     9000000050000154       6     -1.50000199       6      1.
MPC     9000000050000200       1     -1.12670200       1      1.
MPC     9000000050000200       2     -1.12670200       2      1.
MPC     9000000050000200       3     -1.12670200       3      1.
MPC     9000000050000200       4     -1.12670200       4      1.
MPC     9000000050000200       5     -1.12670200       5      1.
MPC     9000000050000200       6     -1.12670200       6      1.
MPC     9000000050000155       1     -1.50000200       1      1.
MPC     9000000050000155       2     -1.50000200       2      1.
MPC     9000000050000155       3     -1.50000200       3      1.
MPC     9000000050000155       4     -1.50000200       4      1.
MPC     9000000050000155       5     -1.50000200       5      1.
MPC     9000000050000155       6     -1.50000200       6      1.
MPC     9000000050000201       1     -1.12670210       1      1.
MPC     9000000050000201       2     -1.12670210       2      1.
MPC     9000000050000201       3     -1.12670210       3      1.
MPC     9000000050000201       4     -1.12670210       4      1.
MPC     9000000050000201       5     -1.12670210       5      1.
MPC     9000000050000201       6     -1.12670210       6      1.
MPC     9000000050000156       1     -1.50000201       1      1.
MPC     9000000050000156       2     -1.50000201       2      1.
MPC     9000000050000156       3     -1.50000201       3      1.
MPC     9000000050000156       4     -1.50000201       4      1.
MPC     9000000050000156       5     -1.50000201       5      1.
MPC     9000000050000156       6     -1.50000201       6      1.
MPC     9000000050000202       1     -1.12670211       1      1.
MPC     9000000050000202       2     -1.12670211       2      1.
MPC     9000000050000202       3     -1.12670211       3      1.
MPC     9000000050000202       4     -1.12670211       4      1.
MPC     9000000050000202       5     -1.12670211       5      1.
MPC     9000000050000202       6     -1.12670211       6      1.
MPC     9000000050000157       1     -1.50000202       1      1.
MPC     9000000050000157       2     -1.50000202       2      1.
MPC     9000000050000157       3     -1.50000202       3      1.
MPC     9000000050000157       4     -1.50000202       4      1.
MPC     9000000050000157       5     -1.50000202       5      1.
MPC     9000000050000157       6     -1.50000202       6      1.
MPC     9000000050000203       1     -1.12670221       1      1.
MPC     9000000050000203       2     -1.12670221       2      1.
MPC     9000000050000203       3     -1.12670221       3      1.
MPC     9000000050000203       4     -1.12670221       4      1.
MPC     9000000050000203       5     -1.12670221       5      1.
MPC     9000000050000203       6     -1.12670221       6      1.
MPC     9000000050000158       1     -1.50000203       1      1.
MPC     9000000050000158       2     -1.50000203       2      1.
MPC     9000000050000158       3     -1.50000203       3      1.
MPC     9000000050000158       4     -1.50000203       4      1.
MPC     9000000050000158       5     -1.50000203       5      1.
MPC     9000000050000158       6     -1.50000203       6      1.
MPC     9000000050000204       1     -1.12670230       1      1.
MPC     9000000050000204       2     -1.12670230       2      1.
MPC     9000000050000204       3     -1.12670230       3      1.
MPC     9000000050000204       4     -1.12670230       4      1.
MPC     9000000050000204       5     -1.12670230       5      1.
MPC     9000000050000204       6     -1.12670230       6      1.
MPC     9000000050000159       1     -1.50000204       1      1.
MPC     9000000050000159       2     -1.50000204       2      1.
MPC     9000000050000159       3     -1.50000204       3      1.
MPC     9000000050000159       4     -1.50000204       4      1.
MPC     9000000050000159       5     -1.50000204       5      1.
MPC     9000000050000159       6     -1.50000204       6      1.
MPC     9000000050000205       1     -1.12670240       1      1.
MPC     9000000050000205       2     -1.12670240       2      1.
MPC     9000000050000205       3     -1.12670240       3      1.
MPC     9000000050000205       4     -1.12670240       4      1.
MPC     9000000050000205       5     -1.12670240       5      1.
MPC     9000000050000205       6     -1.12670240       6      1.
MPC     9000000050000160       1     -1.50000205       1      1.
MPC     9000000050000160       2     -1.50000205       2      1.
MPC     9000000050000160       3     -1.50000205       3      1.
MPC     9000000050000160       4     -1.50000205       4      1.
MPC     9000000050000160       5     -1.50000205       5      1.
MPC     9000000050000160       6     -1.50000205       6      1.
MPC     9000000050000206       1     -1.10670270       1      1.
MPC     9000000050000206       2     -1.10670270       2      1.
MPC     9000000050000206       3     -1.10670270       3      1.
MPC     9000000050000206       4     -1.10670270       4      1.
MPC     9000000050000206       5     -1.10670270       5      1.
MPC     9000000050000206       6     -1.10670270       6      1.
MPC     9000000050000161       1     -1.50000206       1      1.
MPC     9000000050000161       2     -1.50000206       2      1.
MPC     9000000050000161       3     -1.50000206       3      1.
MPC     9000000050000161       4     -1.50000206       4      1.
MPC     9000000050000161       5     -1.50000206       5      1.
MPC     9000000050000161       6     -1.50000206       6      1.
MPC     9000000050000207       1     -1.10670280       1      1.
MPC     9000000050000207       2     -1.10670280       2      1.
MPC     9000000050000207       3     -1.10670280       3      1.
MPC     9000000050000207       4     -1.10670280       4      1.
MPC     9000000050000207       5     -1.10670280       5      1.
MPC     9000000050000207       6     -1.10670280       6      1.
MPC     9000000050000162       1     -1.50000207       1      1.
MPC     9000000050000162       2     -1.50000207       2      1.
MPC     9000000050000162       3     -1.50000207       3      1.
MPC     9000000050000162       4     -1.50000207       4      1.
MPC     9000000050000162       5     -1.50000207       5      1.
MPC     9000000050000162       6     -1.50000207       6      1.
MPC     9000000050000208       1     -1.10670290       1      1.
MPC     9000000050000208       2     -1.10670290       2      1.
MPC     9000000050000208       3     -1.10670290       3      1.
MPC     9000000050000208       4     -1.10670290       4      1.
MPC     9000000050000208       5     -1.10670290       5      1.
MPC     9000000050000208       6     -1.10670290       6      1.
MPC     9000000050000163       1     -1.50000208       1      1.
MPC     9000000050000163       2     -1.50000208       2      1.
MPC     9000000050000163       3     -1.50000208       3      1.
MPC     9000000050000163       4     -1.50000208       4      1.
MPC     9000000050000163       5     -1.50000208       5      1.
MPC     9000000050000163       6     -1.50000208       6      1.
MPC     9000000050000209       1     -1.10670300       1      1.
MPC     9000000050000209       2     -1.10670300       2      1.
MPC     9000000050000209       3     -1.10670300       3      1.
MPC     9000000050000209       4     -1.10670300       4      1.
MPC     9000000050000209       5     -1.10670300       5      1.
MPC     9000000050000209       6     -1.10670300       6      1.
MPC     9000000050000164       1     -1.50000209       1      1.
MPC     9000000050000164       2     -1.50000209       2      1.
MPC     9000000050000164       3     -1.50000209       3      1.
MPC     9000000050000164       4     -1.50000209       4      1.
MPC     9000000050000164       5     -1.50000209       5      1.
MPC     9000000050000164       6     -1.50000209       6      1.
MPC     9000000050000210       1     -1.10670310       1      1.
MPC     9000000050000210       2     -1.10670310       2      1.
MPC     9000000050000210       3     -1.10670310       3      1.
MPC     9000000050000210       4     -1.10670310       4      1.
MPC     9000000050000210       5     -1.10670310       5      1.
MPC     9000000050000210       6     -1.10670310       6      1.
MPC     9000000050000165       1     -1.50000210       1      1.
MPC     9000000050000165       2     -1.50000210       2      1.
MPC     9000000050000165       3     -1.50000210       3      1.
MPC     9000000050000165       4     -1.50000210       4      1.
MPC     9000000050000165       5     -1.50000210       5      1.
MPC     9000000050000165       6     -1.50000210       6      1.
MPC     9000000050000211       1     -1.10670320       1      1.
MPC     9000000050000211       2     -1.10670320       2      1.
MPC     9000000050000211       3     -1.10670320       3      1.
MPC     9000000050000211       4     -1.10670320       4      1.
MPC     9000000050000211       5     -1.10670320       5      1.
MPC     9000000050000211       6     -1.10670320       6      1.
MPC     9000000050000166       1     -1.50000211       1      1.
MPC     9000000050000166       2     -1.50000211       2      1.
MPC     9000000050000166       3     -1.50000211       3      1.
MPC     9000000050000166       4     -1.50000211       4      1.
MPC     9000000050000166       5     -1.50000211       5      1.
MPC     9000000050000166       6     -1.50000211       6      1.
MPC     9000000050000212       1     -1.10670330       1      1.
MPC     9000000050000212       2     -1.10670330       2      1.
MPC     9000000050000212       3     -1.10670330       3      1.
MPC     9000000050000212       4     -1.10670330       4      1.
MPC     9000000050000212       5     -1.10670330       5      1.
MPC     9000000050000212       6     -1.10670330       6      1.
MPC     9000000050000167       1     -1.50000212       1      1.
MPC     9000000050000167       2     -1.50000212       2      1.
MPC     9000000050000167       3     -1.50000212       3      1.
MPC     9000000050000167       4     -1.50000212       4      1.
MPC     9000000050000167       5     -1.50000212       5      1.
MPC     9000000050000167       6     -1.50000212       6      1.
MPC     9000000050000213       1     -1.10670340       1      1.
MPC     9000000050000213       2     -1.10670340       2      1.
MPC     9000000050000213       3     -1.10670340       3      1.
MPC     9000000050000213       4     -1.10670340       4      1.
MPC     9000000050000213       5     -1.10670340       5      1.
MPC     9000000050000213       6     -1.10670340       6      1.
MPC     9000000050000168       1     -1.50000213       1      1.
MPC     9000000050000168       2     -1.50000213       2      1.
MPC     9000000050000168       3     -1.50000213       3      1.
MPC     9000000050000168       4     -1.50000213       4      1.
MPC     9000000050000168       5     -1.50000213       5      1.
MPC     9000000050000168       6     -1.50000213       6      1.
MPC     9000000050000214       1     -1.10670350       1      1.
MPC     9000000050000214       2     -1.10670350       2      1.
MPC     9000000050000214       3     -1.10670350       3      1.
MPC     9000000050000214       4     -1.10670350       4      1.
MPC     9000000050000214       5     -1.10670350       5      1.
MPC     9000000050000214       6     -1.10670350       6      1.
MPC     9000000050000169       1     -1.50000214       1      1.
MPC     9000000050000169       2     -1.50000214       2      1.
MPC     9000000050000169       3     -1.50000214       3      1.
MPC     9000000050000169       4     -1.50000214       4      1.
MPC     9000000050000169       5     -1.50000214       5      1.
MPC     9000000050000169       6     -1.50000214       6      1.
MPC     9000000050000215       1     -1.10670360       1      1.
MPC     9000000050000215       2     -1.10670360       2      1.
MPC     9000000050000215       3     -1.10670360       3      1.
MPC     9000000050000215       4     -1.10670360       4      1.
MPC     9000000050000215       5     -1.10670360       5      1.
MPC     9000000050000215       6     -1.10670360       6      1.
MPC     9000000050000170       1     -1.50000215       1      1.
MPC     9000000050000170       2     -1.50000215       2      1.
MPC     9000000050000170       3     -1.50000215       3      1.
MPC     9000000050000170       4     -1.50000215       4      1.
MPC     9000000050000170       5     -1.50000215       5      1.
MPC     9000000050000170       6     -1.50000215       6      1.
MPC     9000000050000216       1     -1.10670370       1      1.
MPC     9000000050000216       2     -1.10670370       2      1.
MPC     9000000050000216       3     -1.10670370       3      1.
MPC     9000000050000216       4     -1.10670370       4      1.
MPC     9000000050000216       5     -1.10670370       5      1.
MPC     9000000050000216       6     -1.10670370       6      1.
MPC     9000000050000171       1     -1.50000216       1      1.
MPC     9000000050000171       2     -1.50000216       2      1.
MPC     9000000050000171       3     -1.50000216       3      1.
MPC     9000000050000171       4     -1.50000216       4      1.
MPC     9000000050000171       5     -1.50000216       5      1.
MPC     9000000050000171       6     -1.50000216       6      1.
MPC     9000000050000217       1     -1.10670380       1      1.
MPC     9000000050000217       2     -1.10670380       2      1.
MPC     9000000050000217       3     -1.10670380       3      1.
MPC     9000000050000217       4     -1.10670380       4      1.
MPC     9000000050000217       5     -1.10670380       5      1.
MPC     9000000050000217       6     -1.10670380       6      1.
MPC     9000000050000172       1     -1.50000217       1      1.
MPC     9000000050000172       2     -1.50000217       2      1.
MPC     9000000050000172       3     -1.50000217       3      1.
MPC     9000000050000172       4     -1.50000217       4      1.
MPC     9000000050000172       5     -1.50000217       5      1.
MPC     9000000050000172       6     -1.50000217       6      1.
MPC     9000000050000218       1     -1.10670390       1      1.
MPC     9000000050000218       2     -1.10670390       2      1.
MPC     9000000050000218       3     -1.10670390       3      1.
MPC     9000000050000218       4     -1.10670390       4      1.
MPC     9000000050000218       5     -1.10670390       5      1.
MPC     9000000050000218       6     -1.10670390       6      1.
MPC     9000000050000173       1     -1.50000218       1      1.
MPC     9000000050000173       2     -1.50000218       2      1.
MPC     9000000050000173       3     -1.50000218       3      1.
MPC     9000000050000173       4     -1.50000218       4      1.
MPC     9000000050000173       5     -1.50000218       5      1.
MPC     9000000050000173       6     -1.50000218       6      1.
MPC     9000000050000282       1     -1.10800600       1      1.
MPC     9000000050000282       2     -1.10800600       2      1.
MPC     9000000050000282       3     -1.10800600       3      1.
MPC     9000000050000282       4     -1.10800600       4      1.
MPC     9000000050000282       5     -1.10800600       5      1.
MPC     9000000050000282       6     -1.10800600       6      1.
MPC     9000000050000264       1     -1.50000282       1      1.
MPC     9000000050000264       2     -1.50000282       2      1.
MPC     9000000050000264       3     -1.50000282       3      1.
MPC     9000000050000264       4     -1.50000282       4      1.
MPC     9000000050000264       5     -1.50000282       5      1.
MPC     9000000050000264       6     -1.50000282       6      1.
MPC     9000000050000283       1     -1.10800590       1      1.
MPC     9000000050000283       2     -1.10800590       2      1.
MPC     9000000050000283       3     -1.10800590       3      1.
MPC     9000000050000283       4     -1.10800590       4      1.
MPC     9000000050000283       5     -1.10800590       5      1.
MPC     9000000050000283       6     -1.10800590       6      1.
MPC     9000000050000265       1     -1.50000283       1      1.
MPC     9000000050000265       2     -1.50000283       2      1.
MPC     9000000050000265       3     -1.50000283       3      1.
MPC     9000000050000265       4     -1.50000283       4      1.
MPC     9000000050000265       5     -1.50000283       5      1.
MPC     9000000050000265       6     -1.50000283       6      1.
MPC     9000000050000284       1     -1.10800580       1      1.
MPC     9000000050000284       2     -1.10800580       2      1.
MPC     9000000050000284       3     -1.10800580       3      1.
MPC     9000000050000284       4     -1.10800580       4      1.
MPC     9000000050000284       5     -1.10800580       5      1.
MPC     9000000050000284       6     -1.10800580       6      1.
MPC     9000000050000266       1     -1.50000284       1      1.
MPC     9000000050000266       2     -1.50000284       2      1.
MPC     9000000050000266       3     -1.50000284       3      1.
MPC     9000000050000266       4     -1.50000284       4      1.
MPC     9000000050000266       5     -1.50000284       5      1.
MPC     9000000050000266       6     -1.50000284       6      1.
MPC     9000000050000285       1     -1.10800570       1      1.
MPC     9000000050000285       2     -1.10800570       2      1.
MPC     9000000050000285       3     -1.10800570       3      1.
MPC     9000000050000285       4     -1.10800570       4      1.
MPC     9000000050000285       5     -1.10800570       5      1.
MPC     9000000050000285       6     -1.10800570       6      1.
MPC     9000000050000267       1     -1.50000285       1      1.
MPC     9000000050000267       2     -1.50000285       2      1.
MPC     9000000050000267       3     -1.50000285       3      1.
MPC     9000000050000267       4     -1.50000285       4      1.
MPC     9000000050000267       5     -1.50000285       5      1.
MPC     9000000050000267       6     -1.50000285       6      1.
MPC     9000000050000286       1     -1.10800560       1      1.
MPC     9000000050000286       2     -1.10800560       2      1.
MPC     9000000050000286       3     -1.10800560       3      1.
MPC     9000000050000286       4     -1.10800560       4      1.
MPC     9000000050000286       5     -1.10800560       5      1.
MPC     9000000050000286       6     -1.10800560       6      1.
MPC     9000000050000268       1     -1.50000286       1      1.
MPC     9000000050000268       2     -1.50000286       2      1.
MPC     9000000050000268       3     -1.50000286       3      1.
MPC     9000000050000268       4     -1.50000286       4      1.
MPC     9000000050000268       5     -1.50000286       5      1.
MPC     9000000050000268       6     -1.50000286       6      1.
MPC     9000000050000287       1     -1.10800550       1      1.
MPC     9000000050000287       2     -1.10800550       2      1.
MPC     9000000050000287       3     -1.10800550       3      1.
MPC     9000000050000287       4     -1.10800550       4      1.
MPC     9000000050000287       5     -1.10800550       5      1.
MPC     9000000050000287       6     -1.10800550       6      1.
MPC     9000000050000269       1     -1.50000287       1      1.
MPC     9000000050000269       2     -1.50000287       2      1.
MPC     9000000050000269       3     -1.50000287       3      1.
MPC     9000000050000269       4     -1.50000287       4      1.
MPC     9000000050000269       5     -1.50000287       5      1.
MPC     9000000050000269       6     -1.50000287       6      1.
MPC     9000000050000288       1     -1.10800540       1      1.
MPC     9000000050000288       2     -1.10800540       2      1.
MPC     9000000050000288       3     -1.10800540       3      1.
MPC     9000000050000288       4     -1.10800540       4      1.
MPC     9000000050000288       5     -1.10800540       5      1.
MPC     9000000050000288       6     -1.10800540       6      1.
MPC     9000000050000270       1     -1.50000288       1      1.
MPC     9000000050000270       2     -1.50000288       2      1.
MPC     9000000050000270       3     -1.50000288       3      1.
MPC     9000000050000270       4     -1.50000288       4      1.
MPC     9000000050000270       5     -1.50000288       5      1.
MPC     9000000050000270       6     -1.50000288       6      1.
MPC     9000000050000289       1     -1.10800530       1      1.
MPC     9000000050000289       2     -1.10800530       2      1.
MPC     9000000050000289       3     -1.10800530       3      1.
MPC     9000000050000289       4     -1.10800530       4      1.
MPC     9000000050000289       5     -1.10800530       5      1.
MPC     9000000050000289       6     -1.10800530       6      1.
MPC     9000000050000271       1     -1.50000289       1      1.
MPC     9000000050000271       2     -1.50000289       2      1.
MPC     9000000050000271       3     -1.50000289       3      1.
MPC     9000000050000271       4     -1.50000289       4      1.
MPC     9000000050000271       5     -1.50000289       5      1.
MPC     9000000050000271       6     -1.50000289       6      1.
MPC     9000000050000290       1     -1.10800520       1      1.
MPC     9000000050000290       2     -1.10800520       2      1.
MPC     9000000050000290       3     -1.10800520       3      1.
MPC     9000000050000290       4     -1.10800520       4      1.
MPC     9000000050000290       5     -1.10800520       5      1.
MPC     9000000050000290       6     -1.10800520       6      1.
MPC     9000000050000272       1     -1.50000290       1      1.
MPC     9000000050000272       2     -1.50000290       2      1.
MPC     9000000050000272       3     -1.50000290       3      1.
MPC     9000000050000272       4     -1.50000290       4      1.
MPC     9000000050000272       5     -1.50000290       5      1.
MPC     9000000050000272       6     -1.50000290       6      1.
MPC     9000000050000291       1     -1.10800020       1      1.
MPC     9000000050000291       2     -1.10800020       2      1.
MPC     9000000050000291       3     -1.10800020       3      1.
MPC     9000000050000291       4     -1.10800020       4      1.
MPC     9000000050000291       5     -1.10800020       5      1.
MPC     9000000050000291       6     -1.10800020       6      1.
MPC     9000000050000273       1     -1.50000291       1      1.
MPC     9000000050000273       2     -1.50000291       2      1.
MPC     9000000050000273       3     -1.50000291       3      1.
MPC     9000000050000273       4     -1.50000291       4      1.
MPC     9000000050000273       5     -1.50000291       5      1.
MPC     9000000050000273       6     -1.50000291       6      1.
MPC     9000000050000292       1     -1.10800030       1      1.
MPC     9000000050000292       2     -1.10800030       2      1.
MPC     9000000050000292       3     -1.10800030       3      1.
MPC     9000000050000292       4     -1.10800030       4      1.
MPC     9000000050000292       5     -1.10800030       5      1.
MPC     9000000050000292       6     -1.10800030       6      1.
MPC     9000000050000274       1     -1.50000292       1      1.
MPC     9000000050000274       2     -1.50000292       2      1.
MPC     9000000050000274       3     -1.50000292       3      1.
MPC     9000000050000274       4     -1.50000292       4      1.
MPC     9000000050000274       5     -1.50000292       5      1.
MPC     9000000050000274       6     -1.50000292       6      1.
MPC     9000000050000293       1     -1.10800040       1      1.
MPC     9000000050000293       2     -1.10800040       2      1.
MPC     9000000050000293       3     -1.10800040       3      1.
MPC     9000000050000293       4     -1.10800040       4      1.
MPC     9000000050000293       5     -1.10800040       5      1.
MPC     9000000050000293       6     -1.10800040       6      1.
MPC     9000000050000275       1     -1.50000293       1      1.
MPC     9000000050000275       2     -1.50000293       2      1.
MPC     9000000050000275       3     -1.50000293       3      1.
MPC     9000000050000275       4     -1.50000293       4      1.
MPC     9000000050000275       5     -1.50000293       5      1.
MPC     9000000050000275       6     -1.50000293       6      1.
MPC     9000000050000294       1     -1.10800050       1      1.
MPC     9000000050000294       2     -1.10800050       2      1.
MPC     9000000050000294       3     -1.10800050       3      1.
MPC     9000000050000294       4     -1.10800050       4      1.
MPC     9000000050000294       5     -1.10800050       5      1.
MPC     9000000050000294       6     -1.10800050       6      1.
MPC     9000000050000276       1     -1.50000294       1      1.
MPC     9000000050000276       2     -1.50000294       2      1.
MPC     9000000050000276       3     -1.50000294       3      1.
MPC     9000000050000276       4     -1.50000294       4      1.
MPC     9000000050000276       5     -1.50000294       5      1.
MPC     9000000050000276       6     -1.50000294       6      1.
MPC     9000000050000295       1     -1.10800060       1      1.
MPC     9000000050000295       2     -1.10800060       2      1.
MPC     9000000050000295       3     -1.10800060       3      1.
MPC     9000000050000295       4     -1.10800060       4      1.
MPC     9000000050000295       5     -1.10800060       5      1.
MPC     9000000050000295       6     -1.10800060       6      1.
MPC     9000000050000277       1     -1.50000295       1      1.
MPC     9000000050000277       2     -1.50000295       2      1.
MPC     9000000050000277       3     -1.50000295       3      1.
MPC     9000000050000277       4     -1.50000295       4      1.
MPC     9000000050000277       5     -1.50000295       5      1.
MPC     9000000050000277       6     -1.50000295       6      1.
MPC     9000000050000296       1     -1.10800070       1      1.
MPC     9000000050000296       2     -1.10800070       2      1.
MPC     9000000050000296       3     -1.10800070       3      1.
MPC     9000000050000296       4     -1.10800070       4      1.
MPC     9000000050000296       5     -1.10800070       5      1.
MPC     9000000050000296       6     -1.10800070       6      1.
MPC     9000000050000278       1     -1.50000296       1      1.
MPC     9000000050000278       2     -1.50000296       2      1.
MPC     9000000050000278       3     -1.50000296       3      1.
MPC     9000000050000278       4     -1.50000296       4      1.
MPC     9000000050000278       5     -1.50000296       5      1.
MPC     9000000050000278       6     -1.50000296       6      1.
MPC     9000000050000297       1     -1.10800080       1      1.
MPC     9000000050000297       2     -1.10800080       2      1.
MPC     9000000050000297       3     -1.10800080       3      1.
MPC     9000000050000297       4     -1.10800080       4      1.
MPC     9000000050000297       5     -1.10800080       5      1.
MPC     9000000050000297       6     -1.10800080       6      1.
MPC     9000000050000279       1     -1.50000297       1      1.
MPC     9000000050000279       2     -1.50000297       2      1.
MPC     9000000050000279       3     -1.50000297       3      1.
MPC     9000000050000279       4     -1.50000297       4      1.
MPC     9000000050000279       5     -1.50000297       5      1.
MPC     9000000050000279       6     -1.50000297       6      1.
MPC     9000000050000298       1     -1.10800090       1      1.
MPC     9000000050000298       2     -1.10800090       2      1.
MPC     9000000050000298       3     -1.10800090       3      1.
MPC     9000000050000298       4     -1.10800090       4      1.
MPC     9000000050000298       5     -1.10800090       5      1.
MPC     9000000050000298       6     -1.10800090       6      1.
MPC     9000000050000280       1     -1.50000298       1      1.
MPC     9000000050000280       2     -1.50000298       2      1.
MPC     9000000050000280       3     -1.50000298       3      1.
MPC     9000000050000280       4     -1.50000298       4      1.
MPC     9000000050000280       5     -1.50000298       5      1.
MPC     9000000050000280       6     -1.50000298       6      1.
MPC     9000000050000299       1     -1.10800100       1      1.
MPC     9000000050000299       2     -1.10800100       2      1.
MPC     9000000050000299       3     -1.10800100       3      1.
MPC     9000000050000299       4     -1.10800100       4      1.
MPC     9000000050000299       5     -1.10800100       5      1.
MPC     9000000050000299       6     -1.10800100       6      1.
MPC     9000000050000281       1     -1.50000299       1      1.
MPC     9000000050000281       2     -1.50000299       2      1.
MPC     9000000050000281       3     -1.50000299       3      1.
MPC     9000000050000281       4     -1.50000299       4      1.
MPC     9000000050000281       5     -1.50000299       5      1.
MPC     9000000050000281       6     -1.50000299       6      1.
MPC     9000000050000323       1     -1.12800230       1      1.
MPC     9000000050000323       2     -1.12800230       2      1.
MPC     9000000050000323       3     -1.12800230       3      1.
MPC     9000000050000323       4     -1.12800230       4      1.
MPC     9000000050000323       5     -1.12800230       5      1.
MPC     9000000050000323       6     -1.12800230       6      1.
MPC     9000000050000318       1     -1.50000323       1      1.
MPC     9000000050000318       2     -1.50000323       2      1.
MPC     9000000050000318       3     -1.50000323       3      1.
MPC     9000000050000318       4     -1.50000323       4      1.
MPC     9000000050000318       5     -1.50000323       5      1.
MPC     9000000050000318       6     -1.50000323       6      1.
MPC     9000000050000324       1     -1.12800240       1      1.
MPC     9000000050000324       2     -1.12800240       2      1.
MPC     9000000050000324       3     -1.12800240       3      1.
MPC     9000000050000324       4     -1.12800240       4      1.
MPC     9000000050000324       5     -1.12800240       5      1.
MPC     9000000050000324       6     -1.12800240       6      1.
MPC     9000000050000319       1     -1.50000324       1      1.
MPC     9000000050000319       2     -1.50000324       2      1.
MPC     9000000050000319       3     -1.50000324       3      1.
MPC     9000000050000319       4     -1.50000324       4      1.
MPC     9000000050000319       5     -1.50000324       5      1.
MPC     9000000050000319       6     -1.50000324       6      1.
MPC     9000000050000325       1     -1.12800240       1      1.
MPC     9000000050000325       2     -1.12800240       2      1.
MPC     9000000050000325       3     -1.12800240       3      1.
MPC     9000000050000325       4     -1.12800240       4      1.
MPC     9000000050000325       5     -1.12800240       5      1.
MPC     9000000050000325       6     -1.12800240       6      1.
MPC     9000000050000320       1     -1.50000325       1      1.
MPC     9000000050000320       2     -1.50000325       2      1.
MPC     9000000050000320       3     -1.50000325       3      1.
MPC     9000000050000320       4     -1.50000325       4      1.
MPC     9000000050000320       5     -1.50000325       5      1.
MPC     9000000050000320       6     -1.50000325       6      1.
MPC     9000000050000326       1     -1.10800300       1      1.
MPC     9000000050000326       2     -1.10800300       2      1.
MPC     9000000050000326       3     -1.10800300       3      1.
MPC     9000000050000326       4     -1.10800300       4      1.
MPC     9000000050000326       5     -1.10800300       5      1.
MPC     9000000050000326       6     -1.10800300       6      1.
MPC     9000000050000321       1     -1.50000326       1      1.
MPC     9000000050000321       2     -1.50000326       2      1.
MPC     9000000050000321       3     -1.50000326       3      1.
MPC     9000000050000321       4     -1.50000326       4      1.
MPC     9000000050000321       5     -1.50000326       5      1.
MPC     9000000050000321       6     -1.50000326       6      1.
MPC     9000000050000327       1     -1.10800310       1      1.
MPC     9000000050000327       2     -1.10800310       2      1.
MPC     9000000050000327       3     -1.10800310       3      1.
MPC     9000000050000327       4     -1.10800310       4      1.
MPC     9000000050000327       5     -1.10800310       5      1.
MPC     9000000050000327       6     -1.10800310       6      1.
MPC     9000000050000322       1     -1.50000327       1      1.
MPC     9000000050000322       2     -1.50000327       2      1.
MPC     9000000050000322       3     -1.50000327       3      1.
MPC     9000000050000322       4     -1.50000327       4      1.
MPC     9000000050000322       5     -1.50000327       5      1.
MPC     9000000050000322       6     -1.50000327       6      1.
MPC     9000000050000335       1     -1.10800280       1      1.
MPC     9000000050000335       2     -1.10800280       2      1.
MPC     9000000050000335       3     -1.10800280       3      1.
MPC     9000000050000335       4     -1.10800280       4      1.
MPC     9000000050000335       5     -1.10800280       5      1.
MPC     9000000050000335       6     -1.10800280       6      1.
MPC     9000000050000333       1     -1.50000335       1      1.
MPC     9000000050000333       2     -1.50000335       2      1.
MPC     9000000050000333       3     -1.50000335       3      1.
MPC     9000000050000333       4     -1.50000335       4      1.
MPC     9000000050000333       5     -1.50000335       5      1.
MPC     9000000050000333       6     -1.50000335       6      1.
MPC     9000000050000336       1     -1.10800320       1      1.
MPC     9000000050000336       2     -1.10800320       2      1.
MPC     9000000050000336       3     -1.10800320       3      1.
MPC     9000000050000336       4     -1.10800320       4      1.
MPC     9000000050000336       5     -1.10800320       5      1.
MPC     9000000050000336       6     -1.10800320       6      1.
MPC     9000000050000334       1     -1.50000336       1      1.
MPC     9000000050000334       2     -1.50000336       2      1.
MPC     9000000050000334       3     -1.50000336       3      1.
MPC     9000000050000334       4     -1.50000336       4      1.
MPC     9000000050000334       5     -1.50000336       5      1.
MPC     9000000050000334       6     -1.50000336       6      1.
MPC     9000000050000340       1     -1.10800390       1      1.
MPC     9000000050000340       2     -1.10800390       2      1.
MPC     9000000050000340       3     -1.10800390       3      1.
MPC     9000000050000340       4     -1.10800390       4      1.
MPC     9000000050000340       5     -1.10800390       5      1.
MPC     9000000050000340       6     -1.10800390       6      1.
MPC     9000000050000339       1     -1.50000340       1      1.
MPC     9000000050000339       2     -1.50000340       2      1.
MPC     9000000050000339       3     -1.50000340       3      1.
MPC     9000000050000339       4     -1.50000340       4      1.
MPC     9000000050000339       5     -1.50000340       5      1.
MPC     9000000050000339       6     -1.50000340       6      1.
MPC     9000000050000380       1     -1.10800100       1      1.
MPC     9000000050000380       2     -1.10800100       2      1.
MPC     9000000050000380       3     -1.10800100       3      1.
MPC     9000000050000380       4     -1.10800100       4      1.
MPC     9000000050000380       5     -1.10800100       5      1.
MPC     9000000050000380       6     -1.10800100       6      1.
MPC     9000000050000342       1     -1.50000380       1      1.
MPC     9000000050000342       2     -1.50000380       2      1.
MPC     9000000050000342       3     -1.50000380       3      1.
MPC     9000000050000342       4     -1.50000380       4      1.
MPC     9000000050000342       5     -1.50000380       5      1.
MPC     9000000050000342       6     -1.50000380       6      1.
MPC     9000000050000381       1     -1.10800140       1      1.
MPC     9000000050000381       2     -1.10800140       2      1.
MPC     9000000050000381       3     -1.10800140       3      1.
MPC     9000000050000381       4     -1.10800140       4      1.
MPC     9000000050000381       5     -1.10800140       5      1.
MPC     9000000050000381       6     -1.10800140       6      1.
MPC     9000000050000343       1     -1.50000381       1      1.
MPC     9000000050000343       2     -1.50000381       2      1.
MPC     9000000050000343       3     -1.50000381       3      1.
MPC     9000000050000343       4     -1.50000381       4      1.
MPC     9000000050000343       5     -1.50000381       5      1.
MPC     9000000050000343       6     -1.50000381       6      1.
MPC     9000000050000382       1     -1.10800140       1      1.
MPC     9000000050000382       2     -1.10800140       2      1.
MPC     9000000050000382       3     -1.10800140       3      1.
MPC     9000000050000382       4     -1.10800140       4      1.
MPC     9000000050000382       5     -1.10800140       5      1.
MPC     9000000050000382       6     -1.10800140       6      1.
MPC     9000000050000344       1     -1.50000382       1      1.
MPC     9000000050000344       2     -1.50000382       2      1.
MPC     9000000050000344       3     -1.50000382       3      1.
MPC     9000000050000344       4     -1.50000382       4      1.
MPC     9000000050000344       5     -1.50000382       5      1.
MPC     9000000050000344       6     -1.50000382       6      1.
MPC     9000000050000383       1     -1.10800150       1      1.
MPC     9000000050000383       2     -1.10800150       2      1.
MPC     9000000050000383       3     -1.10800150       3      1.
MPC     9000000050000383       4     -1.10800150       4      1.
MPC     9000000050000383       5     -1.10800150       5      1.
MPC     9000000050000383       6     -1.10800150       6      1.
MPC     9000000050000345       1     -1.50000383       1      1.
MPC     9000000050000345       2     -1.50000383       2      1.
MPC     9000000050000345       3     -1.50000383       3      1.
MPC     9000000050000345       4     -1.50000383       4      1.
MPC     9000000050000345       5     -1.50000383       5      1.
MPC     9000000050000345       6     -1.50000383       6      1.
MPC     9000000050000384       1     -1.10800160       1      1.
MPC     9000000050000384       2     -1.10800160       2      1.
MPC     9000000050000384       3     -1.10800160       3      1.
MPC     9000000050000384       4     -1.10800160       4      1.
MPC     9000000050000384       5     -1.10800160       5      1.
MPC     9000000050000384       6     -1.10800160       6      1.
MPC     9000000050000346       1     -1.50000384       1      1.
MPC     9000000050000346       2     -1.50000384       2      1.
MPC     9000000050000346       3     -1.50000384       3      1.
MPC     9000000050000346       4     -1.50000384       4      1.
MPC     9000000050000346       5     -1.50000384       5      1.
MPC     9000000050000346       6     -1.50000384       6      1.
MPC     9000000050000385       1     -1.10800150       1      1.
MPC     9000000050000385       2     -1.10800150       2      1.
MPC     9000000050000385       3     -1.10800150       3      1.
MPC     9000000050000385       4     -1.10800150       4      1.
MPC     9000000050000385       5     -1.10800150       5      1.
MPC     9000000050000385       6     -1.10800150       6      1.
MPC     9000000050000347       1     -1.50000385       1      1.
MPC     9000000050000347       2     -1.50000385       2      1.
MPC     9000000050000347       3     -1.50000385       3      1.
MPC     9000000050000347       4     -1.50000385       4      1.
MPC     9000000050000347       5     -1.50000385       5      1.
MPC     9000000050000347       6     -1.50000385       6      1.
MPC     9000000050000386       1     -1.10800160       1      1.
MPC     9000000050000386       2     -1.10800160       2      1.
MPC     9000000050000386       3     -1.10800160       3      1.
MPC     9000000050000386       4     -1.10800160       4      1.
MPC     9000000050000386       5     -1.10800160       5      1.
MPC     9000000050000386       6     -1.10800160       6      1.
MPC     9000000050000348       1     -1.50000386       1      1.
MPC     9000000050000348       2     -1.50000386       2      1.
MPC     9000000050000348       3     -1.50000386       3      1.
MPC     9000000050000348       4     -1.50000386       4      1.
MPC     9000000050000348       5     -1.50000386       5      1.
MPC     9000000050000348       6     -1.50000386       6      1.
MPC     9000000050000387       1     -1.10800170       1      1.
MPC     9000000050000387       2     -1.10800170       2      1.
MPC     9000000050000387       3     -1.10800170       3      1.
MPC     9000000050000387       4     -1.10800170       4      1.
MPC     9000000050000387       5     -1.10800170       5      1.
MPC     9000000050000387       6     -1.10800170       6      1.
MPC     9000000050000349       1     -1.50000387       1      1.
MPC     9000000050000349       2     -1.50000387       2      1.
MPC     9000000050000349       3     -1.50000387       3      1.
MPC     9000000050000349       4     -1.50000387       4      1.
MPC     9000000050000349       5     -1.50000387       5      1.
MPC     9000000050000349       6     -1.50000387       6      1.
MPC     9000000050000388       1     -1.10800170       1      1.
MPC     9000000050000388       2     -1.10800170       2      1.
MPC     9000000050000388       3     -1.10800170       3      1.
MPC     9000000050000388       4     -1.10800170       4      1.
MPC     9000000050000388       5     -1.10800170       5      1.
MPC     9000000050000388       6     -1.10800170       6      1.
MPC     9000000050000350       1     -1.50000388       1      1.
MPC     9000000050000350       2     -1.50000388       2      1.
MPC     9000000050000350       3     -1.50000388       3      1.
MPC     9000000050000350       4     -1.50000388       4      1.
MPC     9000000050000350       5     -1.50000388       5      1.
MPC     9000000050000350       6     -1.50000388       6      1.
MPC     9000000050000389       1     -1.10800180       1      1.
MPC     9000000050000389       2     -1.10800180       2      1.
MPC     9000000050000389       3     -1.10800180       3      1.
MPC     9000000050000389       4     -1.10800180       4      1.
MPC     9000000050000389       5     -1.10800180       5      1.
MPC     9000000050000389       6     -1.10800180       6      1.
MPC     9000000050000351       1     -1.50000389       1      1.
MPC     9000000050000351       2     -1.50000389       2      1.
MPC     9000000050000351       3     -1.50000389       3      1.
MPC     9000000050000351       4     -1.50000389       4      1.
MPC     9000000050000351       5     -1.50000389       5      1.
MPC     9000000050000351       6     -1.50000389       6      1.
MPC     9000000050000390       1     -1.10800180       1      1.
MPC     9000000050000390       2     -1.10800180       2      1.
MPC     9000000050000390       3     -1.10800180       3      1.
MPC     9000000050000390       4     -1.10800180       4      1.
MPC     9000000050000390       5     -1.10800180       5      1.
MPC     9000000050000390       6     -1.10800180       6      1.
MPC     9000000050000352       1     -1.50000390       1      1.
MPC     9000000050000352       2     -1.50000390       2      1.
MPC     9000000050000352       3     -1.50000390       3      1.
MPC     9000000050000352       4     -1.50000390       4      1.
MPC     9000000050000352       5     -1.50000390       5      1.
MPC     9000000050000352       6     -1.50000390       6      1.
MPC     9000000050000391       1     -1.10800190       1      1.
MPC     9000000050000391       2     -1.10800190       2      1.
MPC     9000000050000391       3     -1.10800190       3      1.
MPC     9000000050000391       4     -1.10800190       4      1.
MPC     9000000050000391       5     -1.10800190       5      1.
MPC     9000000050000391       6     -1.10800190       6      1.
MPC     9000000050000353       1     -1.50000391       1      1.
MPC     9000000050000353       2     -1.50000391       2      1.
MPC     9000000050000353       3     -1.50000391       3      1.
MPC     9000000050000353       4     -1.50000391       4      1.
MPC     9000000050000353       5     -1.50000391       5      1.
MPC     9000000050000353       6     -1.50000391       6      1.
MPC     9000000050000392       1     -1.10800200       1      1.
MPC     9000000050000392       2     -1.10800200       2      1.
MPC     9000000050000392       3     -1.10800200       3      1.
MPC     9000000050000392       4     -1.10800200       4      1.
MPC     9000000050000392       5     -1.10800200       5      1.
MPC     9000000050000392       6     -1.10800200       6      1.
MPC     9000000050000354       1     -1.50000392       1      1.
MPC     9000000050000354       2     -1.50000392       2      1.
MPC     9000000050000354       3     -1.50000392       3      1.
MPC     9000000050000354       4     -1.50000392       4      1.
MPC     9000000050000354       5     -1.50000392       5      1.
MPC     9000000050000354       6     -1.50000392       6      1.
MPC     9000000050000393       1     -1.10800190       1      1.
MPC     9000000050000393       2     -1.10800190       2      1.
MPC     9000000050000393       3     -1.10800190       3      1.
MPC     9000000050000393       4     -1.10800190       4      1.
MPC     9000000050000393       5     -1.10800190       5      1.
MPC     9000000050000393       6     -1.10800190       6      1.
MPC     9000000050000355       1     -1.50000393       1      1.
MPC     9000000050000355       2     -1.50000393       2      1.
MPC     9000000050000355       3     -1.50000393       3      1.
MPC     9000000050000355       4     -1.50000393       4      1.
MPC     9000000050000355       5     -1.50000393       5      1.
MPC     9000000050000355       6     -1.50000393       6      1.
MPC     9000000050000394       1     -1.10800200       1      1.
MPC     9000000050000394       2     -1.10800200       2      1.
MPC     9000000050000394       3     -1.10800200       3      1.
MPC     9000000050000394       4     -1.10800200       4      1.
MPC     9000000050000394       5     -1.10800200       5      1.
MPC     9000000050000394       6     -1.10800200       6      1.
MPC     9000000050000356       1     -1.50000394       1      1.
MPC     9000000050000356       2     -1.50000394       2      1.
MPC     9000000050000356       3     -1.50000394       3      1.
MPC     9000000050000356       4     -1.50000394       4      1.
MPC     9000000050000356       5     -1.50000394       5      1.
MPC     9000000050000356       6     -1.50000394       6      1.
MPC     9000000050000395       1     -1.12800190       1      1.
MPC     9000000050000395       2     -1.12800190       2      1.
MPC     9000000050000395       3     -1.12800190       3      1.
MPC     9000000050000395       4     -1.12800190       4      1.
MPC     9000000050000395       5     -1.12800190       5      1.
MPC     9000000050000395       6     -1.12800190       6      1.
MPC     9000000050000357       1     -1.50000395       1      1.
MPC     9000000050000357       2     -1.50000395       2      1.
MPC     9000000050000357       3     -1.50000395       3      1.
MPC     9000000050000357       4     -1.50000395       4      1.
MPC     9000000050000357       5     -1.50000395       5      1.
MPC     9000000050000357       6     -1.50000395       6      1.
MPC     9000000050000396       1     -1.12800200       1      1.
MPC     9000000050000396       2     -1.12800200       2      1.
MPC     9000000050000396       3     -1.12800200       3      1.
MPC     9000000050000396       4     -1.12800200       4      1.
MPC     9000000050000396       5     -1.12800200       5      1.
MPC     9000000050000396       6     -1.12800200       6      1.
MPC     9000000050000358       1     -1.50000396       1      1.
MPC     9000000050000358       2     -1.50000396       2      1.
MPC     9000000050000358       3     -1.50000396       3      1.
MPC     9000000050000358       4     -1.50000396       4      1.
MPC     9000000050000358       5     -1.50000396       5      1.
MPC     9000000050000358       6     -1.50000396       6      1.
MPC     9000000050000397       1     -1.12800190       1      1.
MPC     9000000050000397       2     -1.12800190       2      1.
MPC     9000000050000397       3     -1.12800190       3      1.
MPC     9000000050000397       4     -1.12800190       4      1.
MPC     9000000050000397       5     -1.12800190       5      1.
MPC     9000000050000397       6     -1.12800190       6      1.
MPC     9000000050000359       1     -1.50000397       1      1.
MPC     9000000050000359       2     -1.50000397       2      1.
MPC     9000000050000359       3     -1.50000397       3      1.
MPC     9000000050000359       4     -1.50000397       4      1.
MPC     9000000050000359       5     -1.50000397       5      1.
MPC     9000000050000359       6     -1.50000397       6      1.
MPC     9000000050000398       1     -1.12800200       1      1.
MPC     9000000050000398       2     -1.12800200       2      1.
MPC     9000000050000398       3     -1.12800200       3      1.
MPC     9000000050000398       4     -1.12800200       4      1.
MPC     9000000050000398       5     -1.12800200       5      1.
MPC     9000000050000398       6     -1.12800200       6      1.
MPC     9000000050000360       1     -1.50000398       1      1.
MPC     9000000050000360       2     -1.50000398       2      1.
MPC     9000000050000360       3     -1.50000398       3      1.
MPC     9000000050000360       4     -1.50000398       4      1.
MPC     9000000050000360       5     -1.50000398       5      1.
MPC     9000000050000360       6     -1.50000398       6      1.
MPC     9000000050000399       1     -1.12800210       1      1.
MPC     9000000050000399       2     -1.12800210       2      1.
MPC     9000000050000399       3     -1.12800210       3      1.
MPC     9000000050000399       4     -1.12800210       4      1.
MPC     9000000050000399       5     -1.12800210       5      1.
MPC     9000000050000399       6     -1.12800210       6      1.
MPC     9000000050000361       1     -1.50000399       1      1.
MPC     9000000050000361       2     -1.50000399       2      1.
MPC     9000000050000361       3     -1.50000399       3      1.
MPC     9000000050000361       4     -1.50000399       4      1.
MPC     9000000050000361       5     -1.50000399       5      1.
MPC     9000000050000361       6     -1.50000399       6      1.
MPC     9000000050000400       1     -1.12800210       1      1.
MPC     9000000050000400       2     -1.12800210       2      1.
MPC     9000000050000400       3     -1.12800210       3      1.
MPC     9000000050000400       4     -1.12800210       4      1.
MPC     9000000050000400       5     -1.12800210       5      1.
MPC     9000000050000400       6     -1.12800210       6      1.
MPC     9000000050000362       1     -1.50000400       1      1.
MPC     9000000050000362       2     -1.50000400       2      1.
MPC     9000000050000362       3     -1.50000400       3      1.
MPC     9000000050000362       4     -1.50000400       4      1.
MPC     9000000050000362       5     -1.50000400       5      1.
MPC     9000000050000362       6     -1.50000400       6      1.
MPC     9000000050000401       1     -1.12800211       1      1.
MPC     9000000050000401       2     -1.12800211       2      1.
MPC     9000000050000401       3     -1.12800211       3      1.
MPC     9000000050000401       4     -1.12800211       4      1.
MPC     9000000050000401       5     -1.12800211       5      1.
MPC     9000000050000401       6     -1.12800211       6      1.
MPC     9000000050000363       1     -1.50000401       1      1.
MPC     9000000050000363       2     -1.50000401       2      1.
MPC     9000000050000363       3     -1.50000401       3      1.
MPC     9000000050000363       4     -1.50000401       4      1.
MPC     9000000050000363       5     -1.50000401       5      1.
MPC     9000000050000363       6     -1.50000401       6      1.
MPC     9000000050000402       1     -1.12800211       1      1.
MPC     9000000050000402       2     -1.12800211       2      1.
MPC     9000000050000402       3     -1.12800211       3      1.
MPC     9000000050000402       4     -1.12800211       4      1.
MPC     9000000050000402       5     -1.12800211       5      1.
MPC     9000000050000402       6     -1.12800211       6      1.
MPC     9000000050000364       1     -1.50000402       1      1.
MPC     9000000050000364       2     -1.50000402       2      1.
MPC     9000000050000364       3     -1.50000402       3      1.
MPC     9000000050000364       4     -1.50000402       4      1.
MPC     9000000050000364       5     -1.50000402       5      1.
MPC     9000000050000364       6     -1.50000402       6      1.
MPC     9000000050000403       1     -1.12800221       1      1.
MPC     9000000050000403       2     -1.12800221       2      1.
MPC     9000000050000403       3     -1.12800221       3      1.
MPC     9000000050000403       4     -1.12800221       4      1.
MPC     9000000050000403       5     -1.12800221       5      1.
MPC     9000000050000403       6     -1.12800221       6      1.
MPC     9000000050000365       1     -1.50000403       1      1.
MPC     9000000050000365       2     -1.50000403       2      1.
MPC     9000000050000365       3     -1.50000403       3      1.
MPC     9000000050000365       4     -1.50000403       4      1.
MPC     9000000050000365       5     -1.50000403       5      1.
MPC     9000000050000365       6     -1.50000403       6      1.
MPC     9000000050000404       1     -1.12800221       1      1.
MPC     9000000050000404       2     -1.12800221       2      1.
MPC     9000000050000404       3     -1.12800221       3      1.
MPC     9000000050000404       4     -1.12800221       4      1.
MPC     9000000050000404       5     -1.12800221       5      1.
MPC     9000000050000404       6     -1.12800221       6      1.
MPC     9000000050000366       1     -1.50000404       1      1.
MPC     9000000050000366       2     -1.50000404       2      1.
MPC     9000000050000366       3     -1.50000404       3      1.
MPC     9000000050000366       4     -1.50000404       4      1.
MPC     9000000050000366       5     -1.50000404       5      1.
MPC     9000000050000366       6     -1.50000404       6      1.
MPC     9000000050000405       1     -1.10800290       1      1.
MPC     9000000050000405       2     -1.10800290       2      1.
MPC     9000000050000405       3     -1.10800290       3      1.
MPC     9000000050000405       4     -1.10800290       4      1.
MPC     9000000050000405       5     -1.10800290       5      1.
MPC     9000000050000405       6     -1.10800290       6      1.
MPC     9000000050000367       1     -1.50000405       1      1.
MPC     9000000050000367       2     -1.50000405       2      1.
MPC     9000000050000367       3     -1.50000405       3      1.
MPC     9000000050000367       4     -1.50000405       4      1.
MPC     9000000050000367       5     -1.50000405       5      1.
MPC     9000000050000367       6     -1.50000405       6      1.
MPC     9000000050000406       1     -1.10800330       1      1.
MPC     9000000050000406       2     -1.10800330       2      1.
MPC     9000000050000406       3     -1.10800330       3      1.
MPC     9000000050000406       4     -1.10800330       4      1.
MPC     9000000050000406       5     -1.10800330       5      1.
MPC     9000000050000406       6     -1.10800330       6      1.
MPC     9000000050000368       1     -1.50000406       1      1.
MPC     9000000050000368       2     -1.50000406       2      1.
MPC     9000000050000368       3     -1.50000406       3      1.
MPC     9000000050000368       4     -1.50000406       4      1.
MPC     9000000050000368       5     -1.50000406       5      1.
MPC     9000000050000368       6     -1.50000406       6      1.
MPC     9000000050000407       1     -1.10800340       1      1.
MPC     9000000050000407       2     -1.10800340       2      1.
MPC     9000000050000407       3     -1.10800340       3      1.
MPC     9000000050000407       4     -1.10800340       4      1.
MPC     9000000050000407       5     -1.10800340       5      1.
MPC     9000000050000407       6     -1.10800340       6      1.
MPC     9000000050000369       1     -1.50000407       1      1.
MPC     9000000050000369       2     -1.50000407       2      1.
MPC     9000000050000369       3     -1.50000407       3      1.
MPC     9000000050000369       4     -1.50000407       4      1.
MPC     9000000050000369       5     -1.50000407       5      1.
MPC     9000000050000369       6     -1.50000407       6      1.
MPC     9000000050000408       1     -1.10800340       1      1.
MPC     9000000050000408       2     -1.10800340       2      1.
MPC     9000000050000408       3     -1.10800340       3      1.
MPC     9000000050000408       4     -1.10800340       4      1.
MPC     9000000050000408       5     -1.10800340       5      1.
MPC     9000000050000408       6     -1.10800340       6      1.
MPC     9000000050000370       1     -1.50000408       1      1.
MPC     9000000050000370       2     -1.50000408       2      1.
MPC     9000000050000370       3     -1.50000408       3      1.
MPC     9000000050000370       4     -1.50000408       4      1.
MPC     9000000050000370       5     -1.50000408       5      1.
MPC     9000000050000370       6     -1.50000408       6      1.
MPC     9000000050000409       1     -1.10800350       1      1.
MPC     9000000050000409       2     -1.10800350       2      1.
MPC     9000000050000409       3     -1.10800350       3      1.
MPC     9000000050000409       4     -1.10800350       4      1.
MPC     9000000050000409       5     -1.10800350       5      1.
MPC     9000000050000409       6     -1.10800350       6      1.
MPC     9000000050000371       1     -1.50000409       1      1.
MPC     9000000050000371       2     -1.50000409       2      1.
MPC     9000000050000371       3     -1.50000409       3      1.
MPC     9000000050000371       4     -1.50000409       4      1.
MPC     9000000050000371       5     -1.50000409       5      1.
MPC     9000000050000371       6     -1.50000409       6      1.
MPC     9000000050000410       1     -1.10800360       1      1.
MPC     9000000050000410       2     -1.10800360       2      1.
MPC     9000000050000410       3     -1.10800360       3      1.
MPC     9000000050000410       4     -1.10800360       4      1.
MPC     9000000050000410       5     -1.10800360       5      1.
MPC     9000000050000410       6     -1.10800360       6      1.
MPC     9000000050000372       1     -1.50000410       1      1.
MPC     9000000050000372       2     -1.50000410       2      1.
MPC     9000000050000372       3     -1.50000410       3      1.
MPC     9000000050000372       4     -1.50000410       4      1.
MPC     9000000050000372       5     -1.50000410       5      1.
MPC     9000000050000372       6     -1.50000410       6      1.
MPC     9000000050000411       1     -1.10800350       1      1.
MPC     9000000050000411       2     -1.10800350       2      1.
MPC     9000000050000411       3     -1.10800350       3      1.
MPC     9000000050000411       4     -1.10800350       4      1.
MPC     9000000050000411       5     -1.10800350       5      1.
MPC     9000000050000411       6     -1.10800350       6      1.
MPC     9000000050000373       1     -1.50000411       1      1.
MPC     9000000050000373       2     -1.50000411       2      1.
MPC     9000000050000373       3     -1.50000411       3      1.
MPC     9000000050000373       4     -1.50000411       4      1.
MPC     9000000050000373       5     -1.50000411       5      1.
MPC     9000000050000373       6     -1.50000411       6      1.
MPC     9000000050000412       1     -1.10800360       1      1.
MPC     9000000050000412       2     -1.10800360       2      1.
MPC     9000000050000412       3     -1.10800360       3      1.
MPC     9000000050000412       4     -1.10800360       4      1.
MPC     9000000050000412       5     -1.10800360       5      1.
MPC     9000000050000412       6     -1.10800360       6      1.
MPC     9000000050000374       1     -1.50000412       1      1.
MPC     9000000050000374       2     -1.50000412       2      1.
MPC     9000000050000374       3     -1.50000412       3      1.
MPC     9000000050000374       4     -1.50000412       4      1.
MPC     9000000050000374       5     -1.50000412       5      1.
MPC     9000000050000374       6     -1.50000412       6      1.
MPC     9000000050000413       1     -1.10800370       1      1.
MPC     9000000050000413       2     -1.10800370       2      1.
MPC     9000000050000413       3     -1.10800370       3      1.
MPC     9000000050000413       4     -1.10800370       4      1.
MPC     9000000050000413       5     -1.10800370       5      1.
MPC     9000000050000413       6     -1.10800370       6      1.
MPC     9000000050000375       1     -1.50000413       1      1.
MPC     9000000050000375       2     -1.50000413       2      1.
MPC     9000000050000375       3     -1.50000413       3      1.
MPC     9000000050000375       4     -1.50000413       4      1.
MPC     9000000050000375       5     -1.50000413       5      1.
MPC     9000000050000375       6     -1.50000413       6      1.
MPC     9000000050000414       1     -1.10800370       1      1.
MPC     9000000050000414       2     -1.10800370       2      1.
MPC     9000000050000414       3     -1.10800370       3      1.
MPC     9000000050000414       4     -1.10800370       4      1.
MPC     9000000050000414       5     -1.10800370       5      1.
MPC     9000000050000414       6     -1.10800370       6      1.
MPC     9000000050000376       1     -1.50000414       1      1.
MPC     9000000050000376       2     -1.50000414       2      1.
MPC     9000000050000376       3     -1.50000414       3      1.
MPC     9000000050000376       4     -1.50000414       4      1.
MPC     9000000050000376       5     -1.50000414       5      1.
MPC     9000000050000376       6     -1.50000414       6      1.
MPC     9000000050000415       1     -1.10800380       1      1.
MPC     9000000050000415       2     -1.10800380       2      1.
MPC     9000000050000415       3     -1.10800380       3      1.
MPC     9000000050000415       4     -1.10800380       4      1.
MPC     9000000050000415       5     -1.10800380       5      1.
MPC     9000000050000415       6     -1.10800380       6      1.
MPC     9000000050000377       1     -1.50000415       1      1.
MPC     9000000050000377       2     -1.50000415       2      1.
MPC     9000000050000377       3     -1.50000415       3      1.
MPC     9000000050000377       4     -1.50000415       4      1.
MPC     9000000050000377       5     -1.50000415       5      1.
MPC     9000000050000377       6     -1.50000415       6      1.
MPC     9000000050000416       1     -1.10800380       1      1.
MPC     9000000050000416       2     -1.10800380       2      1.
MPC     9000000050000416       3     -1.10800380       3      1.
MPC     9000000050000416       4     -1.10800380       4      1.
MPC     9000000050000416       5     -1.10800380       5      1.
MPC     9000000050000416       6     -1.10800380       6      1.
MPC     9000000050000378       1     -1.50000416       1      1.
MPC     9000000050000378       2     -1.50000416       2      1.
MPC     9000000050000378       3     -1.50000416       3      1.
MPC     9000000050000378       4     -1.50000416       4      1.
MPC     9000000050000378       5     -1.50000416       5      1.
MPC     9000000050000378       6     -1.50000416       6      1.
MPC     9000000050000417       1     -1.10800390       1      1.
MPC     9000000050000417       2     -1.10800390       2      1.
MPC     9000000050000417       3     -1.10800390       3      1.
MPC     9000000050000417       4     -1.10800390       4      1.
MPC     9000000050000417       5     -1.10800390       5      1.
MPC     9000000050000417       6     -1.10800390       6      1.
MPC     9000000050000379       1     -1.50000417       1      1.
MPC     9000000050000379       2     -1.50000417       2      1.
MPC     9000000050000379       3     -1.50000417       3      1.
MPC     9000000050000379       4     -1.50000417       4      1.
MPC     9000000050000379       5     -1.50000417       5      1.
MPC     9000000050000379       6     -1.50000417       6      1.
MPC     9000000050000460       1     -1.10800320       1      1.
MPC     9000000050000460       2     -1.10800320       2      1.
MPC     9000000050000460       3     -1.10800320       3      1.
MPC     9000000050000460       4     -1.10800320       4      1.
MPC     9000000050000460       5     -1.10800320       5      1.
MPC     9000000050000460       6     -1.10800320       6      1.
MPC     9000000050000456       1     -1.50000460       1      1.
MPC     9000000050000456       2     -1.50000460       2      1.
MPC     9000000050000456       3     -1.50000460       3      1.
MPC     9000000050000456       4     -1.50000460       4      1.
MPC     9000000050000456       5     -1.50000460       5      1.
MPC     9000000050000456       6     -1.50000460       6      1.
MPC     9000000050000461       1     -1.10800330       1      1.
MPC     9000000050000461       2     -1.10800330       2      1.
MPC     9000000050000461       3     -1.10800330       3      1.
MPC     9000000050000461       4     -1.10800330       4      1.
MPC     9000000050000461       5     -1.10800330       5      1.
MPC     9000000050000461       6     -1.10800330       6      1.
MPC     9000000050000457       1     -1.50000461       1      1.
MPC     9000000050000457       2     -1.50000461       2      1.
MPC     9000000050000457       3     -1.50000461       3      1.
MPC     9000000050000457       4     -1.50000461       4      1.
MPC     9000000050000457       5     -1.50000461       5      1.
MPC     9000000050000457       6     -1.50000461       6      1.
MPC     9000000050000462       1     -1.10800280       1      1.
MPC     9000000050000462       2     -1.10800280       2      1.
MPC     9000000050000462       3     -1.10800280       3      1.
MPC     9000000050000462       4     -1.10800280       4      1.
MPC     9000000050000462       5     -1.10800280       5      1.
MPC     9000000050000462       6     -1.10800280       6      1.
MPC     9000000050000458       1     -1.50000462       1      1.
MPC     9000000050000458       2     -1.50000462       2      1.
MPC     9000000050000458       3     -1.50000462       3      1.
MPC     9000000050000458       4     -1.50000462       4      1.
MPC     9000000050000458       5     -1.50000462       5      1.
MPC     9000000050000458       6     -1.50000462       6      1.
MPC     9000000050000463       1     -1.10800290       1      1.
MPC     9000000050000463       2     -1.10800290       2      1.
MPC     9000000050000463       3     -1.10800290       3      1.
MPC     9000000050000463       4     -1.10800290       4      1.
MPC     9000000050000463       5     -1.10800290       5      1.
MPC     9000000050000463       6     -1.10800290       6      1.
MPC     9000000050000459       1     -1.50000463       1      1.
MPC     9000000050000459       2     -1.50000463       2      1.
MPC     9000000050000459       3     -1.50000463       3      1.
MPC     9000000050000459       4     -1.50000463       4      1.
MPC     9000000050000459       5     -1.50000463       5      1.
MPC     9000000050000459       6     -1.50000463       6      1.
$  1   ||  2   ||  3   ||  4   ||  5   ||  6   ||  7   ||  8   ||  9   ||  10  |